Workbook

Sheet Informasi Proyek
A1: INFORMASI PROYEK
A2: Rencana Anggaran Biaya (RAB) - Pembangunan Balai Pelatihan Vokasi dan Produktivitas Morowali Utara
A4: A. DATA PROYEK
A6: Satuan Kerja | B6: : | C6: Direktorat Jenderal Pembinaan Pelatihan Vokasi dan Prosuktivitas
A7: Pekerjaan | B7: : | C7: Pembangunan Balai Pelatihan Vokasi dan Produktivitas Morowali Utara
A8: Lokasi | B8: : | C8: Jl. Trans Sulawesi, Tompira, Petasia, Kabupaten Morowali Utara, Sulawesi Tengah
A9: Pagu Konstruksi (Rp) | B9: : | C9: 61132457000
A10: Tahun Anggaran | B10: : | C10: 2026
A11: Pelaksana (PT/CV) | B11: : | C11: ................................ (isi)
A12: Konsultan Pengawas / MK | B12: : | C12: ................................ (isi)
A13: Jenis Kontrak | B13: : | C13: Harga satuan / lump sum - sesuai dokumen kontrak (isi)
A14: Waktu Pelaksanaan (hari kalender) | B14: : | C14: 300 | D14: Asumsi: BoQ memuat sewa drone 10 bulan (item 8). Sesuaikan dgn dokumen kontrak.
A15: Jumlah Minggu Pelaksanaan | B15: : | C15: =ROUNDUP(C14/7,0) -> 43
A16: Tanggal Mulai (SPMK) - asumsi | B16: : | C16: =DATE(2026,11,2) -> 46328 | D16: Isi sesuai tanggal SPMK. Jadwal pada lembar Schedule mengikuti sel ini.
A17: Tanggal Selesai (rencana) | B17: : | C17: =C16+C14-1 -> 46627
A18: Masa Pemeliharaan | B18: : | C18: 180 hari kalender (asumsi - sesuaikan kontrak)
A19: B. PARAMETER BIAYA
A20: Overhead & Profit (%) | B20: : | C20: 0.1 | D20: Diterapkan pada seluruh analisa harga satuan (maks. 15% menurut pola AHSP Permen PUPR 8/2023).
A21: PPN (%) | B21: : | C21: 0.11 | D21: Tarif efektif konstruksi 11% (DPP 11/12 x 12%) - sesuaikan ketentuan perpajakan yang berlaku.
A23: C. RINGKASAN HASIL
A24: Real cost biaya konstruksi (Rp) | B24: : | C24: =Rekap!C69 -> 56359846641
A25: Total biaya konstruksi incl. PPN, dibulatkan (Rp) | B25: : | C25: =Rekap!C72 -> 62559430000
A26: Pagu konstruksi (Rp) | B26: : | C26: =C9 -> 61132457000
A27: Selisih pagu - total biaya (Rp) | B27: : | C27: =Rekap!C74 -> -1426973000
A28: Rasio total biaya terhadap pagu | B28: : | C28: =Rekap!C75 -> 1.0233423
A29: Jumlah item pekerjaan pada RAB | B29: : | C29: =COUNTIF(RAB!H:H,"Analisa*")+COUNTIF(RAB!H:H,"Survei*")+COUNTIF(RAB!H:H,"Lump*") -> 1398
A30: - harga dari analisa koefisien (AHSP) | B30: : | C30: =COUNTIF(RAB!H:H,"Analisa*") -> 651
A31: - harga survei pasar (estimasi) | B31: : | C31: =COUNTIF(RAB!H:H,"Survei*") -> 619
A32: - lump sum estimasi, perlu verifikasi gambar/vendor | B32: : | C32: =COUNTIF(RAB!H:H,"Lump*") -> 128
A34: D. SUSUNAN LEMBAR KERJA
A35: Informasi Proyek | C35: Data proyek, parameter O&P/PPN, ringkasan hasil, catatan
A36: Rekap | C36: Rekapitulasi biaya per bangunan/kelompok pekerjaan, PPN, perbandingan dgn pagu
A37: RAB | C37: Bill of Quantity lengkap: volume (dari BoQ), harga satuan (dari AHSP), jumlah harga
A38: Analisa Harga Satuan | C38: Bagian A: analisa koefisien; Bagian B: harga paket/peralatan/survei
A39: Harga Bahan dan Tenaga | C39: Harga dasar upah, bahan, dan peralatan (input biru)
A40: Schedule | C40: Jadwal mingguan (Gantt), bobot, dan Kurva S
A42: E. CATATAN & ASUMSI PENTING
A43: 1. VOLUME diambil apa adanya dari dokumen BoQ (RAB_1.pdf & RAB_2.pdf, 22 halaman). Gambar kerja belum diterima - volume belum diverifikasi terhadap gambar.
A44: 2. HARGA SATUAN DASAR (upah, bahan, alat) adalah ESTIMASI. Dokumen HSD/AHSP resmi Kabupaten Morowali Utara TA 2026 tidak ditemukan pada sumber publik. Ganti sel biru pada lembar "Harga Bahan dan Tenaga" dan "Analisa Harga Satuan" Bagian B dengan harga resmi - seluruh lembar terhitung otomatis.
A45: 3. Koefisien analisa mengacu pola SNI 7394:2008 dan Permen PUPR No. 8 Tahun 2023 (disederhanakan). Verifikasi dengan buku AHSP resmi sebelum dipakai untuk penawaran/kontrak.
A46: 4. Item bertanda "Lump sum estimasi" (curtain wall, fasade, pintu/jendela, panel, genset, trafo, lift, tangki FRP, IPAL, dsb.) tidak memiliki dimensi pada BoQ; harga merupakan perkiraan dan WAJIB diverifikasi dengan gambar, spesifikasi, dan penawaran vendor.
A47: 5. Satu baris bernilai Rp 1.500.000 (Test and Commisioning, panel listrik kantor) sudah terisi pada BoQ asli; nilai tsb dipakai untuk seluruh item "Test and Commisioning" Ls.
A48: 6. Waktu pelaksanaan 300 hari kalender (43 minggu) adalah asumsi dari item sewa drone 10 bulan; tanggal mulai asumsi 2 Nov 2026. Ubah pada sel biru.
A49: 7. Schedule memakai distribusi progres seragam per kegiatan dgn urutan logis (pondasi - struktur - arsitektur - MEP - finishing - testing). Atur ulang minggu mulai/durasi pada lembar Schedule (sel biru).
A50: 8. Real cost = Pendahuluan + Gedung A-F + FASUM (sesuai format rekap BoQ). PPN ditambahkan di bawah real cost.
A52: Legenda warna: teks BIRU = input/asumsi yang boleh diubah; HITAM = rumus; HIJAU = tautan ke lembar lain; sel KUNING = parameter kunci.

Sheet Rekap
A1: REKAPITULASI BILL OF QUANTITY
A2: SATUAN KERJA | C2: ='Informasi Proyek'!C6 -> Direktorat Jenderal Pembinaan Pelatihan Vokasi dan Prosuktivitas
A3: PEKERJAAN | C3: ='Informasi Proyek'!C7 -> Pembangunan Balai Pelatihan Vokasi dan Produktivitas Morowali Utara
A4: LOKASI | C4: ='Informasi Proyek'!C8 -> Jl. Trans Sulawesi, Tompira, Petasia, Kabupaten Morowali Utara, Sulawesi Tengah
A5: TAHUN ANGGARAN | C5: ='Informasi Proyek'!C10 -> 2026
A6: PAGU KONSTRUKSI (Rp) | C6: ='Informasi Proyek'!$C$9 -> 61132457000
A8: No | B8: URAIAN PEKERJAAN | C8: JUMLAH HARGA (Rp) | D8: BOBOT (%)
B9: KONSTRUKSI GEDUNG
B10: PENDAHULUAN
A11: I | B11: PEKERJAAN PERSIAPAN | C11: =RAB!F69 -> 1070391300 | D11: =C11/$C$69 -> 0.01899209
B12: JUMLAH PENDAHULUAN | C12: =SUM(C11:C11) -> 1070391300 | D12: =C12/$C$69 -> 0.01899209
A13: A | B13: GEDUNG KANTOR
A14: II | B14: PEKERJAAN TANAH (KANTOR) | C14: =RAB!F84 -> 139193331 | D14: =C14/$C$69 -> 0.0024697252
A15: III | B15: PEKERJAAN STRUKTURAL (KANTOR) | C15: =RAB!F227 -> 4859770070 | D15: =C15/$C$69 -> 0.086227525
A16: IV | B16: PEKERJAAN ARSITEKTURAL (KANTOR) | C16: =RAB!F332 -> 4981319345 | D16: =C16/$C$69 -> 0.088384189
A17: V | B17: PEKERJAAN MEKANIKAL (KANTOR) | C17: =RAB!F427 -> 2323248400 | D17: =C17/$C$69 -> 0.041221695
A18: VI | B18: PEKERJAAN PLUMBING (KANTOR) | C18: =RAB!F515 -> 375664025 | D18: =C18/$C$69 -> 0.0066654551
A19: VII | B19: PEKERJAAN ELEKTRIKAL (KANTOR) | C19: =RAB!F660 -> 816963895 | D19: =C19/$C$69 -> 0.014495495
B20: JUMLAH GEDUNG KANTOR | C20: =SUM(C14:C19) -> 13496159066 | D20: =C20/$C$69 -> 0.23946408
A21: B | B21: WORKSHOP BERAT (LAS)
A22: II | B22: PEKERJAAN TANAH (WORKSHOP LAS) | C22: =RAB!F673 -> 170661767 | D22: =C22/$C$69 -> 0.0030280737
A23: III | B23: PEKERJAAN STRUKTURAL (WORKSHOP LAS) | C23: =RAB!F766 -> 2376992884 | D23: =C23/$C$69 -> 0.04217529
A24: IV | B24: PEKERJAAN ARSITEKTURAL (WORKSHOP LAS) | C24: =RAB!F838 -> 2669851369 | D24: =C24/$C$69 -> 0.047371516
A25: V | B25: PEKERJAAN MEKANIKAL (WORKSHOP LAS) | C25: =RAB!F849 -> 78897500 | D25: =C25/$C$69 -> 0.0013998885
A26: VI | B26: PEKERJAAN PLUMBING (WORKSHOP LAS) | C26: =RAB!F895 -> 188814450 | D26: =C26/$C$69 -> 0.003350159
A27: VII | B27: PEKERJAAN ELEKTRIKAL (WORKSHOP LAS) | C27: =RAB!F942 -> 197810415 | D27: =C27/$C$69 -> 0.0035097756
B28: JUMLAH WORKSHOP BERAT (LAS) | C28: =SUM(C22:C27) -> 5683028385 | D28: =C28/$C$69 -> 0.1008347
A29: C | B29: WORKSHOP BERAT (MEKANIK)
A30: II | B30: PEKERJAAN TANAH (WORKSHOP MEKANIK) | C30: =RAB!F955 -> 170661767 | D30: =C30/$C$69 -> 0.0030280737
A31: III | B31: PEKERJAAN STRUKTURAL (WORKSHOP MEKANIK) | C31: =RAB!F1053 -> 3275711654 | D31: =C31/$C$69 -> 0.058121373
A32: IV | B32: PEKERJAAN ARSITEKTURAL (WORKSHOP MEKANIK) | C32: =RAB!F1125 -> 2659482782 | D32: =C32/$C$69 -> 0.047187545
A33: V | B33: PEKERJAAN MEKANIKAL (WORKSHOP MEKANIK) | C33: =RAB!F1136 -> 78897500 | D33: =C33/$C$69 -> 0.0013998885
A34: VI | B34: PEKERJAAN PLUMBING (WORKSHOP MEKANIK) | C34: =RAB!F1182 -> 181600815 | D34: =C34/$C$69 -> 0.0032221666
A35: VII | B35: PEKERJAAN ELEKTRIKAL (WORKSHOP MEKANIK) | C35: =RAB!F1229 -> 202212395 | D35: =C35/$C$69 -> 0.0035878805
B36: JUMLAH WORKSHOP BERAT (MEKANIK) | C36: =SUM(C30:C35) -> 6568566913 | D36: =C36/$C$69 -> 0.11654693
A37: D | B37: WORKSHOP RINGAN (TEKNIK INFORMATIKA DAN KOMPUTER / TIK)
A38: II | B38: PEKERJAAN TANAH (WORKSHOP RINGAN TEKNIK INFORMATIKA DAN KOMPUTER (TIK)) | C38: =RAB!F1242 -> 174234748 | D38: =C38/$C$69 -> 0.0030914695
A39: III | B39: PEKERJAAN STRUKTURAL (WORKSHOP RINGAN TEKNIK INFORMATIKA DAN KOMPUTER (TIK)) | C39: =RAB!F1320 -> 1756129526 | D39: =C39/$C$69 -> 0.031159232
A40: IV | B40: PEKERJAAN ARSITEKTURAL (WORKSHOP RINGAN TEKNIK INFORMATIKA DAN KOMPUTER (TIK)) | C40: =RAB!F1383 -> 2241920775 | D40: =C40/$C$69 -> 0.039778688
A41: V | B41: PEKERJAAN MEKANIKAL PLUMBING (WORKSHOP TEKNIK INFORMATIKA DAN KOMPUTER (TIK)) | C41: =RAB!F1442 -> 360555525 | D41: =C41/$C$69 -> 0.006397383
A42: VI | B42: PEKERJAAN ELEKTRIKAL (WORKSHOP TEKNIK INFORMATIKA DAN KOMPUTER (TIK)) | C42: =RAB!F1488 -> 231667865 | D42: =C42/$C$69 -> 0.0041105127
B43: JUMLAH WORKSHOP RINGAN (TEKNIK INFORMATIKA DAN KOMPUTER / TIK) | C43: =SUM(C38:C42) -> 4764508439 | D43: =C43/$C$69 -> 0.084537285
A44: E | B44: GARDU PLN DAN POWER HOUSE
A45: II | B45: PEKERJAAN TANAH (PLN) | C45: =RAB!F1502 -> 211233296 | D45: =C45/$C$69 -> 0.0037479395
A46: III | B46: PEKERJAAN STRUKTURAL (PLN) | C46: =RAB!F1554 -> 2059294531 | D46: =C46/$C$69 -> 0.036538327
A47: IV | B47: PEKERJAAN ARSITEKTURAL (PLN) | C47: =RAB!F1590 -> 624471649 | D47: =C47/$C$69 -> 0.011080081
A48: V | B48: PEKERJAAN MEKANIKAL (PLN) | C48: =RAB!F1598 -> 17782160 | D48: =C48/$C$69 -> 0.00031551115
A49: VI | B49: PEKERJAAN ELEKTRIKAL (PLN) | C49: =RAB!F1641 -> 3203352350 | D49: =C49/$C$69 -> 0.056837492
B50: JUMLAH GARDU PLN DAN POWER HOUSE | C50: =SUM(C45:C49) -> 6116133986 | D50: =C50/$C$69 -> 0.10851935
A51: F | B51: PUMP HOUSE
A52: II | B52: PEKERJAAN TANAH (PUMP HOUSE) | C52: =RAB!F1655 -> 112677100 | D52: =C52/$C$69 -> 0.0019992443
A53: III | B53: PEKERJAAN STRUKTURAL (PUMP HOUSE) | C53: =RAB!F1710 -> 724976032 | D53: =C53/$C$69 -> 0.012863343
A54: IV | B54: PEKERJAAN ARSITEKTURAL (PUMP HOUSE) | C54: =RAB!F1746 -> 316376864 | D54: =C54/$C$69 -> 0.0056135153
A55: V | B55: PEKERJAAN MEKANIKAL (PUMP HOUSE) | C55: =RAB!F1780 -> 860805000 | D55: =C55/$C$69 -> 0.015273374
A56: VI | B56: PEKERJAAN PLUMBING (PUMP HOUSE) | C56: =RAB!F1811 -> 257161080 | D56: =C56/$C$69 -> 0.0045628421
A57: VII | B57: PEKERJAAN ELEKTRIKAL (PUMP HOUSE) | C57: =RAB!F1826 -> 23997655 | D57: =C57/$C$69 -> 0.00042579348
B58: JUMLAH PUMP HOUSE | C58: =SUM(C52:C57) -> 2295993731 | D58: =C58/$C$69 -> 0.040738112
B59: TOTAL PEKERJAAN KONSTRUKSI GEDUNG | C59: =C12+C20+C28+C36+C43+C50+C58 -> 39994781820 | D59: =C59/$C$69 -> 0.70963255
A60: G | B60: PEKERJAAN FASILITAS UMUM (FASUM)
A61: 1 | B61: PEKERJAAN PEMATANGAN LAHAN KAWASAN | C61: =RAB!F1833 -> 4784424862 | D61: =C61/$C$69 -> 0.084890665
A62: 2 | B62: PEKERJAAN TURAP LEVELING LAHAN KAWASAN | C62: =RAB!F1838 -> 6704822822 | D62: =C62/$C$69 -> 0.11896453
A63: 3 | B63: PEKERJAAN GALIAN JALUR KABEL DAN JALAN KAWASAN | C63: =RAB!F1847 -> 155299221 | D63: =C63/$C$69 -> 0.002755494
A64: 4 | B64: PEKERJAAN MEP KAWASAN (Elektrikal, Hydrant, Air Bersih & Water Tank) | C64: =RAB!F1867+RAB!F1874+RAB!F1896 -> 3696214500 | D64: =C64/$C$69 -> 0.065582409
A65: 5 | B65: PEKERJAAN IPAL | C65: =RAB!F1968 -> 658367783 | D65: =C65/$C$69 -> 0.011681504
A66: 6 | B66: PEKERJAAN TPS LB3 | C66: =RAB!F2036 -> 96076728 | D66: =C66/$C$69 -> 0.0017047017
A67: 7 | B67: PEKERJAAN TPS 3R | C67: =RAB!F2115 -> 269858905 | D67: =C67/$C$69 -> 0.0047881412
B68: JUMLAH PEKERJAAN FASILITAS UMUM (FASUM) | C68: =SUM(C61:C67) -> 16365064821 | D68: =C68/$C$69 -> 0.29036745
B69: REAL COST BIAYA KONSTRUKSI | C69: =C59+C68 -> 56359846641 | D69: =C69/$C$69 -> 1
B70: ="PPN ("&TEXT('Informasi Proyek'!$C$21,"0.0%")&")" -> PPN (11.0%) | C70: =ROUND(C69*'Informasi Proyek'!$C$21,0) -> 6199583131
B71: TOTAL BIAYA KONSTRUKSI (incl. PPN) | C71: =C69+C70 -> 62559429772
B72: TOTAL BIAYA KONSTRUKSI - DIBULATKAN (ke ribuan) | C72: =ROUND(C71,-3) -> 62559430000
B73: PAGU KONSTRUKSI | C73: ='Informasi Proyek'!$C$9 -> 61132457000
B74: SELISIH PAGU - TOTAL BIAYA (positif = di bawah pagu) | C74: =C73-C72 -> -1426973000
B75: RASIO TOTAL BIAYA TERHADAP PAGU | C75: =C72/C73 -> 1.0233423
A77: Catatan: harga satuan masih ESTIMASI (lihat lembar Informasi Proyek). Lembar ini otomatis terhitung dari lembar RAB.
B80: ............., ........................ 2026
B81: PT/CV. ................................
B85: ................................................
B86: Direktur

Sheet RAB
A1: BILL OF QUANTITY / RENCANA ANGGARAN BIAYA (RAB)
A2: SATUAN KERJA | C2: ='Informasi Proyek'!C6 -> Direktorat Jenderal Pembinaan Pelatihan Vokasi dan Prosuktivitas
A3: PEKERJAAN | C3: ='Informasi Proyek'!C7 -> Pembangunan Balai Pelatihan Vokasi dan Produktivitas Morowali Utara
A4: LOKASI | C4: ='Informasi Proyek'!C8 -> Jl. Trans Sulawesi, Tompira, Petasia, Kabupaten Morowali Utara, Sulawesi Tengah
A5: TAHUN ANGGARAN | C5: ='Informasi Proyek'!C10 -> 2026
A6: PAGU KONSTRUKSI (Rp) | C6: ='Informasi Proyek'!$C$9 -> 61132457000
A8: No | B8: URAIAN PEKERJAAN | C8: SATUAN | D8: VOLUME | E8: HARGA SATUAN (Rp) | F8: JUMLAH HARGA (Rp) | G8: KODE AHSP | H8: DASAR HARGA
A9: a | B9: d | C9: e | D9: f | E9: g | F9: h = f x g
B10: PENDAHULUAN - DIVISI 1: PERSIAPAN
A11: I | B11: PEKERJAAN PERSIAPAN
A12: 1 | B12: Pek. Pembuatan Papan Proyek (1 m2) | C12: Ls | D12: 6 | E12: ='Analisa Harga Satuan'!$H$803 -> 1320000 | F12: =ROUND(D12*E12,0) -> 7920000 | G12: B.001 | H12: Survei pasar (estimasi)
A13: 2 | B13: Pek. Pembuatan Barak Pekerja Minimal 36 m2 | C13: Set | D13: 1 | E13: ='Analisa Harga Satuan'!$H$804 -> 59400000 | F13: =ROUND(D13*E13,0) -> 59400000 | G13: B.002 | H13: Survei pasar (estimasi)
A14: 3 | B14: Pek. Direksi Keet luas 16 m2 | C14: Set | D14: 1 | E14: ='Analisa Harga Satuan'!$H$805 -> 38720000 | F14: =ROUND(D14*E14,0) -> 38720000 | G14: B.003 | H14: Survei pasar (estimasi)
A15: 4 | B15: Pek. Pengukuran Dan Pemasangan Bowplank | C15: Ls | D15: 1 | E15: ='Analisa Harga Satuan'!$H$806 -> 19800000 | F15: =ROUND(D15*E15,0) -> 19800000 | G15: B.004 | H15: Lump sum estimasi - verifikasi gambar
A16: 5 | B16: Biaya PDA Test 3 Titik | C16: titik | D16: 12 | E16: ='Analisa Harga Satuan'!$H$807 -> 9350000 | F16: =ROUND(D16*E16,0) -> 112200000 | G16: B.005 | H16: Survei pasar (estimasi)
A17: 6 | B17: Biaya Mobilisasi dan Demobilisasi Alat Pancang include Personil | C17: Ls | D17: 1 | E17: ='Analisa Harga Satuan'!$H$808 -> 313500000 | F17: =ROUND(D17*E17,0) -> 313500000 | G17: B.006 | H17: Lump sum estimasi - verifikasi gambar
B18: 7 Pek. Kontrol Daya Dukung Pondasi
A19: - | B19: Boring Test | C19: titik | D19: 1 | E19: ='Analisa Harga Satuan'!$H$809 -> 16500000 | F19: =ROUND(D19*E19,0) -> 16500000 | G19: B.007 | H19: Survei pasar (estimasi)
A20: - | B20: Sondir | C20: titik | D20: 4 | E20: ='Analisa Harga Satuan'!$H$810 -> 3850000 | F20: =ROUND(D20*E20,0) -> 15400000 | G20: B.008 | H20: Survei pasar (estimasi)
B21: 8 Pek. Pengendalian Progres Pekerjaan (Via Multimedia)
A22: - | B22: Sewa Drone | C22: Bulan | D22: 10 | E22: ='Analisa Harga Satuan'!$H$811 -> 2750000 | F22: =ROUND(D22*E22,0) -> 27500000 | G22: B.009 | H22: Survei pasar (estimasi)
A23: - | B23: Pengadaan CCTV Outdoor Wifi | C23: Bh | D23: 3 | E23: ='Analisa Harga Satuan'!$H$812 -> 3850000 | F23: =ROUND(D23*E23,0) -> 11550000 | G23: B.010 | H23: Survei pasar (estimasi)
A24: 9 | B24: Biaya Pemantauan dan Pengujian Lingkungan sebanyak 2x (Progres 30% dan 80%) | C24: Set | D24: 1 | E24: ='Analisa Harga Satuan'!$H$813 -> 93500000 | F24: =ROUND(D24*E24,0) -> 93500000 | G24: B.011 | H24: Lump sum estimasi - verifikasi gambar
B25: a) Pemantauan Tingkat Getaran
B26: b) Pemantauan Tingkat Kebisingan
B27: c) Pemantauan Kualitas Air Permukaan
B28: d) Pemantauan Kualitas Udara
B29: e) Operasional dan Sewa Alat
B30: f) Honorarium Tenaga Lapangan
A31: 10 | B31: Biaya Pembongkaran Bangunan Eksisting | C31: m2 | D31: 405 | E31: ='Analisa Harga Satuan'!$H$814 -> 93500 | F31: =ROUND(D31*E31,0) -> 37867500 | G31: B.012 | H31: Survei pasar (estimasi)
A32: 11 | B32: Biaya Pengukuran Topografi | C32: Ls | D32: 1 | E32: ='Analisa Harga Satuan'!$H$815 -> 71500000 | F32: =ROUND(D32*E32,0) -> 71500000 | G32: B.013 | H32: Lump sum estimasi - verifikasi gambar
B33: 12 Komponen Biaya Keselamatan Konstruksi
B34: 1.Penyiapan dokumen RKK, RKPPL,RMLLP,RMPK:
A35: a) | B35: Pembuatan dokumen RKK, RKPPL, RMLLP, RMPK | C35: Set | D35: 1 | E35: ='Analisa Harga Satuan'!$H$816 -> 13200000 | F35: =ROUND(D35*E35,0) -> 13200000 | G35: B.014 | H35: Lump sum estimasi - verifikasi gambar
A36: b) | B36: Pembuatan prosedur dan instruksi kerja | C36: Set | D36: 1 | E36: ='Analisa Harga Satuan'!$H$817 -> 6600000 | F36: =ROUND(D36*E36,0) -> 6600000 | G36: B.015 | H36: Lump sum estimasi - verifikasi gambar
A37: c) | B37: Penyusunan pelaporan penerapan SMKK | C37: Set | D37: 1 | E37: ='Analisa Harga Satuan'!$H$818 -> 8800000 | F37: =ROUND(D37*E37,0) -> 8800000 | G37: B.016 | H37: Lump sum estimasi - verifikasi gambar
B38: 2. Sosialisasi, promosi dan pelatihan:
A39: a) | B39: Induksi Keselamatan Konstruksi (Safety Induction) | C39: OB | D39: 6 | E39: ='Analisa Harga Satuan'!$H$819 -> 1375000 | F39: =ROUND(D39*E39,0) -> 8250000 | G39: B.017 | H39: Survei pasar (estimasi)
A40: b) | B40: Pengarahan Keselamatan Konstruksi (Safety Briefing) | C40: OB | D40: 6 | E40: ='Analisa Harga Satuan'!$H$820 -> 825000 | F40: =ROUND(D40*E40,0) -> 4950000 | G40: B.018 | H40: Survei pasar (estimasi)
A41: d) | B41: Patroli keselamatan konstruksi | C41: durasi | D41: 6 | E41: ='Analisa Harga Satuan'!$H$821 -> 1650000 | F41: =ROUND(D41*E41,0) -> 9900000 | G41: B.019 | H41: Survei pasar (estimasi)
A42: g) | B42: Simulasi Keselamatan Konstruksi | C42: Ls | D42: 1 | E42: ='Analisa Harga Satuan'!$H$822 -> 5500000 | F42: =ROUND(D42*E42,0) -> 5500000 | G42: B.020 | H42: Lump sum estimasi - verifikasi gambar
A43: h) | B43: Spanduk (Banner) | C43: lb | D43: 1 | E43: ='Analisa Harga Satuan'!$H$823 -> 495000 | F43: =ROUND(D43*E43,0) -> 495000 | G43: B.021 | H43: Survei pasar (estimasi)
A44: i) | B44: Poster/leaflet | C44: lb | D44: 1 | E44: ='Analisa Harga Satuan'!$H$824 -> 275000 | F44: =ROUND(D44*E44,0) -> 275000 | G44: B.022 | H44: Survei pasar (estimasi)
A45: j) | B45: Papan Informasi Keselamatan konstruksi | C45: bh | D45: 1 | E45: ='Analisa Harga Satuan'!$H$825 -> 1650000 | F45: =ROUND(D45*E45,0) -> 1650000 | G45: B.023 | H45: Survei pasar (estimasi)
B46: 3. Alat Pelindung Kerja dan Alat Pelindung Diri:
B47: a) APK, antara lain :
A48: - | B48: Pagar pengaman area proyek | C48: m | D48: 556.8 | E48: ='Analisa Harga Satuan'!$H$826 -> 203500 | F48: =ROUND(D48*E48,0) -> 113308800 | G48: B.024 | H48: Survei pasar (estimasi)
B49: b) APD, antara lain:
A50: - | B50: Topi pelindung (Safety Helmet) | C50: bh | D50: 80 | E50: ='Analisa Harga Satuan'!$H$827 -> 93500 | F50: =ROUND(D50*E50,0) -> 7480000 | G50: B.025 | H50: Survei pasar (estimasi)
A51: - | B51: Pelindung mata (Goggles, Spectacles) | C51: bh | D51: 20 | E51: ='Analisa Harga Satuan'!$H$828 -> 60500 | F51: =ROUND(D51*E51,0) -> 1210000 | G51: B.026 | H51: Survei pasar (estimasi)
A52: - | B52: Pelindung pernafasan dan mulut (masker, masker respirator) | C52: bh | D52: 20 | E52: ='Analisa Harga Satuan'!$H$829 -> 82500 | F52: =ROUND(D52*E52,0) -> 1650000 | G52: B.027 | H52: Survei pasar (estimasi)
A53: - | B53: Sarung tangan (Safety Gloves) | C53: psg | D53: 80 | E53: ='Analisa Harga Satuan'!$H$830 -> 49500 | F53: =ROUND(D53*E53,0) -> 3960000 | G53: B.028 | H53: Survei pasar (estimasi)
A54: - | B54: Sepatu keselamatan (Safety Shoes, rubber safety shoes and toe cap) | C54: psg | D54: 80 | E54: ='Analisa Harga Satuan'!$H$831 -> 418000 | F54: =ROUND(D54*E54,0) -> 33440000 | G54: B.029 | H54: Survei pasar (estimasi)
A55: - | B55: Rompi keselamatan (Safety Vest) / Rompi Jaring | C55: bh | D55: 80 | E55: ='Analisa Harga Satuan'!$H$832 -> 93500 | F55: =ROUND(D55*E55,0) -> 7480000 | G55: B.030 | H55: Survei pasar (estimasi)
B56: 6. Fasilitas sarana, prasarana, dan alat kesehatan:
A57: a) | B57: Peralatan P3K | C57: Set | D57: 1 | E57: ='Analisa Harga Satuan'!$H$833 -> 3850000 | F57: =ROUND(D57*E57,0) -> 3850000 | G57: B.031 | H57: Survei pasar (estimasi)
B58: 7. Rambu dan Perlengkapan lalu lintas yang diperlukan atau manajemen lalu lintas:
A59: a) | B59: Rambu petunjuk | C59: bh | D59: 10 | E59: ='Analisa Harga Satuan'!$H$834 -> 385000 | F59: =ROUND(D59*E59,0) -> 3850000 | G59: B.032 | H59: Survei pasar (estimasi)
A60: b) | B60: Rambu larangan | C60: bh | D60: 5 | E60: ='Analisa Harga Satuan'!$H$834 -> 385000 | F60: =ROUND(D60*E60,0) -> 1925000 | G60: B.032 | H60: Survei pasar (estimasi)
A61: c) | B61: Rambu peringatan | C61: bh | D61: 1 | E61: ='Analisa Harga Satuan'!$H$834 -> 385000 | F61: =ROUND(D61*E61,0) -> 385000 | G61: B.032 | H61: Survei pasar (estimasi)
A62: d) | B62: Rambu kewajiban | C62: bh | D62: 1 | E62: ='Analisa Harga Satuan'!$H$834 -> 385000 | F62: =ROUND(D62*E62,0) -> 385000 | G62: B.032 | H62: Survei pasar (estimasi)
A63: e) | B63: Rambu informasi | C63: bh | D63: 10 | E63: ='Analisa Harga Satuan'!$H$834 -> 385000 | F63: =ROUND(D63*E63,0) -> 3850000 | G63: B.032 | H63: Survei pasar (estimasi)
A64: f) | B64: Rambu pekerjaan sementara | C64: bh | D64: 3 | E64: ='Analisa Harga Satuan'!$H$835 -> 495000 | F64: =ROUND(D64*E64,0) -> 1485000 | G64: B.033 | H64: Survei pasar (estimasi)
A65: g) | B65: Jalur Evakuasi (Petunjuk Escape Route) | C65: bh | D65: 1 | E65: ='Analisa Harga Satuan'!$H$836 -> 275000 | F65: =ROUND(D65*E65,0) -> 275000 | G65: B.034 | H65: Survei pasar (estimasi)
B66: 9. Kegiatan dan peralatan terkait Pengendalian Risiko Keselamatan Konstruksi:
A67: a) | B67: Alat Pemadam Api Ringan (APAR) 3kg | C67: bh | D67: 1 | E67: ='Analisa Harga Satuan'!$H$837 -> 715000 | F67: =ROUND(D67*E67,0) -> 715000 | G67: B.035 | H67: Survei pasar (estimasi)
A68: d) | B68: Bendera K3 | C68: bh | D68: 1 | E68: ='Analisa Harga Satuan'!$H$838 -> 165000 | F68: =ROUND(D68*E68,0) -> 165000 | G68: B.036 | H68: Survei pasar (estimasi)
B69: JUMLAH PEKERJAAN PERSIAPAN | F69: =SUM(F12:F68) -> 1070391300
B70: JUMLAH PENDAHULUAN (DIVISI 1 - PERSIAPAN) | F70: =F69 -> 1070391300
A72: A | B72: GEDUNG KANTOR
A73: II | B73: PEKERJAAN TANAH (KANTOR)
A74: A | B74: Pekerjaan Tanah Area Pile Cap, Sloof, dan Rollag Bata
A75: 1 | B75: Pek. Galian Tanah | C75: M3 | D75: 114.22 | E75: ='Analisa Harga Satuan'!$F$17 -> 105050 | F75: =ROUND(D75*E75,0) -> 11998811 | G75: A.01 | H75: Analisa AHSP (koefisien)
A76: 2 | B76: Pek. Buangan Bekas Galian | C76: M3 | D76: 75.78 | E76: ='Analisa Harga Satuan'!$F$31 -> 113135 | F76: =ROUND(D76*E76,0) -> 8573370 | G76: A.02 | H76: Analisa AHSP (koefisien)
A77: 3 | B77: Pek. Urugan Kembali Bekas Galian | C77: M3 | D77: 38.44 | E77: ='Analisa Harga Satuan'!$F$44 -> 65175 | F77: =ROUND(D77*E77,0) -> 2505327 | G77: A.03 | H77: Analisa AHSP (koefisien)
A78: 4 | B78: Pek. Urugan Pasir | C78: M3 | D78: 11.56 | E78: ='Analisa Harga Satuan'!$F$57 -> 470250 | F78: =ROUND(D78*E78,0) -> 5436090 | G78: A.04 | H78: Analisa AHSP (koefisien)
A79: B | B79: Pekerjaan Peninggian Lantai
A80: 1 | B80: Pek. Timbunan | C80: M3 | D80: 423.48 | E80: ='Analisa Harga Satuan'!$F$73 -> 211750 | F80: =ROUND(D80*E80,0) -> 89671890 | G80: A.05 | H80: Analisa AHSP (koefisien)
A81: 2 | B81: Pek. Pemadatan Tanah | C81: M3 | D81: 423.48 | E81: ='Analisa Harga Satuan'!$F$89 -> 25355 | F81: =ROUND(D81*E81,0) -> 10737335 | G81: A.06 | H81: Analisa AHSP (koefisien)
A82: 3 | B82: Pek. Urugan Pasir | C82: M3 | D82: 21.31 | E82: ='Analisa Harga Satuan'!$F$57 -> 470250 | F82: =ROUND(D82*E82,0) -> 10021028 | G82: A.04 | H82: Analisa AHSP (koefisien)
A83: 4 | B83: Pek. Tanah Subur | C83: M3 | D83: 1.05 | E83: ='Analisa Harga Satuan'!$F$102 -> 237600 | F83: =ROUND(D83*E83,0) -> 249480 | G83: A.07 | H83: Analisa AHSP (koefisien)
B84: JUMLAH PEKERJAAN TANAH (KANTOR) | F84: =SUM(F74:F83) -> 139193331
A85: III | B85: PEKERJAAN STRUKTURAL (KANTOR)
A86: III.3.1 | B86: PEKERJAAN STRUKTUR BAWAH
A87: A | B87: Pekerjaan Pile Cap (PC1)
A88: 1 | B88: Pek. Lantai Kerja beton f'c = 7,4 Mpa K-100 | C88: M3 | D88: 6.4 | E88: ='Analisa Harga Satuan'!$F$228 -> 1386820 | F88: =ROUND(D88*E88,0) -> 8875648 | G88: A.15 | H88: Analisa AHSP (koefisien)
A89: 2 | B89: Pek. Beton f'c = 30 MPa | C89: M3 | D89: 64 | E89: ='Analisa Harga Satuan'!$F$294 -> 1803236 | F89: =ROUND(D89*E89,0) -> 115407104 | G89: A.18 | H89: Analisa AHSP (koefisien)
A90: 3 | B90: Pek. Pembesian | C90: Kg | D90: 7540.24 | E90: ='Analisa Harga Satuan'!$F$310 -> 23191 | F90: =ROUND(D90*E90,0) -> 174865706 | G90: A.19 | H90: Analisa AHSP (koefisien)
A91: 4 | B91: Pek. Bekisting | C91: M2 | D91: 128 | E91: ='Analisa Harga Satuan'!$F$330 -> 398959 | F91: =ROUND(D91*E91,0) -> 51066752 | G91: A.20 | H91: Analisa AHSP (koefisien)
A92: B | B92: Pekerjaan Kolom Pedestal 50X50 (PD1)
A93: 1 | B93: Pek. Beton f'c = 30 MPa | C93: M3 | D93: 6.16 | E93: ='Analisa Harga Satuan'!$F$294 -> 1803236 | F93: =ROUND(D93*E93,0) -> 11107934 | G93: A.18 | H93: Analisa AHSP (koefisien)
A94: 2 | B94: Pek. Pembesian | C94: Kg | D94: 2165.16 | E94: ='Analisa Harga Satuan'!$F$310 -> 23191 | F94: =ROUND(D94*E94,0) -> 50212226 | G94: A.19 | H94: Analisa AHSP (koefisien)
A95: 3 | B95: Pek. Bekisting | C95: M2 | D95: 49.28 | E95: ='Analisa Harga Satuan'!$F$330 -> 398959 | F95: =ROUND(D95*E95,0) -> 19660700 | G95: A.20 | H95: Analisa AHSP (koefisien)
A96: C | B96: Pekerjaan Kolom Pedestal 50X70 (PD2)
A97: 1 | B97: Pek. Beton f'c = 30 MPa | C97: M3 | D97: 2.77 | E97: ='Analisa Harga Satuan'!$F$294 -> 1803236 | F97: =ROUND(D97*E97,0) -> 4994964 | G97: A.18 | H97: Analisa AHSP (koefisien)
A98: 2 | B98: Pek. Pembesian | C98: Kg | D98: 735.97 | E98: ='Analisa Harga Satuan'!$F$310 -> 23191 | F98: =ROUND(D98*E98,0) -> 17067880 | G98: A.19 | H98: Analisa AHSP (koefisien)
A99: 3 | B99: Pek. Bekisting | C99: M2 | D99: 19.01 | E99: ='Analisa Harga Satuan'!$F$330 -> 398959 | F99: =ROUND(D99*E99,0) -> 7584211 | G99: A.20 | H99: Analisa AHSP (koefisien)
A100: D | B100: Pekerjaan Tie Beam 40x60 (Entrance) (TB2)
A101: 1 | B101: Pek. Lantai Kerja beton f'c = 7,4 Mpa K-100 | C101: M3 | D101: 0.54 | E101: ='Analisa Harga Satuan'!$F$228 -> 1386820 | F101: =ROUND(D101*E101,0) -> 748883 | G101: A.15 | H101: Analisa AHSP (koefisien)
A102: 2 | B102: Pek. Beton f'c = 30 MPa | C102: M3 | D102: 7.82 | E102: ='Analisa Harga Satuan'!$F$294 -> 1803236 | F102: =ROUND(D102*E102,0) -> 14101306 | G102: A.18 | H102: Analisa AHSP (koefisien)
...

Sheet Analisa Harga Satuan
A1: ANALISA HARGA SATUAN PEKERJAAN (AHSP)
A2: Pembangunan Balai Pelatihan Vokasi dan Produktivitas Morowali Utara - Kab. Morowali Utara, TA 2026
A3: Koefisien mengacu pola SNI / Permen PUPR No. 8 Tahun 2023 (disederhanakan & disesuaikan). Harga dasar dari lembar "Harga Bahan dan Tenaga" (estimasi). Overhead & profit dari lembar Informasi Proyek.
A4: Overhead & Profit (%) | C4: ='Informasi Proyek'!$C$20 -> 0.1
A5: BAGIAN A - ANALISA BERBASIS KOEFISIEN (TENAGA - BAHAN - PERALATAN)
A6: A.01 | B6: Galian tanah biasa (excavator + perapihan manual) | C6: m3 | G6: Permen PUPR 8/2023 (disesuaikan, mekanis)
A7: No | B7: Uraian komponen | C7: Satuan | D7: Koefisien | E7: Harga Satuan (Rp) | F7: Jumlah (Rp)
B8: A. TENAGA KERJA
A9: 1 | B9: Pekerja [L01] | C9: OH | D9: 0.3 | E9: ='Harga Bahan dan Tenaga'!$D$7 -> 135000 | F9: =D9*E9 -> 40500
A10: 2 | B10: Mandor [L09] | C10: OH | D10: 0.015 | E10: ='Harga Bahan dan Tenaga'!$D$15 -> 200000 | F10: =D10*E10 -> 3000
B11: Jumlah Tenaga Kerja | F11: =SUM(F9:F10) -> 43500
B12: C. PERALATAN
A13: 1 | B13: Excavator PC-200 (incl. operator & BBM) [E01] | C13: jam | D13: 0.08 | E13: ='Harga Bahan dan Tenaga'!$D$63 -> 650000 | F13: =D13*E13 -> 52000
B14: Jumlah Peralatan | F14: =SUM(F13:F13) -> 52000
B15: D. JUMLAH (A+B+C) | F15: =F11+F14 -> 95500
B16: E. Overhead & Profit | D16: ='Informasi Proyek'!$C$20 -> 0.1 | F16: =F15*D16 -> 9550
B17: F. HARGA SATUAN PEKERJAAN per m3 (D+E, dibulatkan) | F17: =ROUND(F15+F16,0) -> 105050
A19: A.02 | B19: Buangan bekas galian (angkut dump truck jarak +/- 3 km) | C19: m3 | G19: AHSP alat berat, disesuaikan
A20: No | B20: Uraian komponen | C20: Satuan | D20: Koefisien | E20: Harga Satuan (Rp) | F20: Jumlah (Rp)
B21: A. TENAGA KERJA
A22: 1 | B22: Pekerja [L01] | C22: OH | D22: 0.05 | E22: ='Harga Bahan dan Tenaga'!$D$7 -> 135000 | F22: =D22*E22 -> 6750
A23: 2 | B23: Mandor [L09] | C23: OH | D23: 0.003 | E23: ='Harga Bahan dan Tenaga'!$D$15 -> 200000 | F23: =D23*E23 -> 600
B24: Jumlah Tenaga Kerja | F24: =SUM(F22:F23) -> 7350
B25: C. PERALATAN
A26: 1 | B26: Excavator PC-200 (incl. operator & BBM) [E01] | C26: jam | D26: 0.05 | E26: ='Harga Bahan dan Tenaga'!$D$63 -> 650000 | F26: =D26*E26 -> 32500
A27: 2 | B27: Dump truck 10 ton (incl. operator & BBM) [E02] | C27: jam | D27: 0.14 | E27: ='Harga Bahan dan Tenaga'!$D$64 -> 450000 | F27: =D27*E27 -> 63000
B28: Jumlah Peralatan | F28: =SUM(F26:F27) -> 95500
B29: D. JUMLAH (A+B+C) | F29: =F24+F28 -> 102850
B30: E. Overhead & Profit | D30: ='Informasi Proyek'!$C$20 -> 0.1 | F30: =F29*D30 -> 10285
B31: F. HARGA SATUAN PEKERJAAN per m3 (D+E, dibulatkan) | F31: =ROUND(F29+F30,0) -> 113135
A33: A.03 | B33: Urugan kembali bekas galian + pemadatan | C33: m3 | G33: Permen PUPR 8/2023
A34: No | B34: Uraian komponen | C34: Satuan | D34: Koefisien | E34: Harga Satuan (Rp) | F34: Jumlah (Rp)
B35: A. TENAGA KERJA
A36: 1 | B36: Pekerja [L01] | C36: OH | D36: 0.35 | E36: ='Harga Bahan dan Tenaga'!$D$7 -> 135000 | F36: =D36*E36 -> 47250
A37: 2 | B37: Mandor [L09] | C37: OH | D37: 0.0175 | E37: ='Harga Bahan dan Tenaga'!$D$15 -> 200000 | F37: =D37*E37 -> 3500
B38: Jumlah Tenaga Kerja | F38: =SUM(F36:F37) -> 50750
B39: C. PERALATAN
A40: 1 | B40: Stamper / plate compactor [E08] | C40: jam | D40: 0.1 | E40: ='Harga Bahan dan Tenaga'!$D$70 -> 85000 | F40: =D40*E40 -> 8500
B41: Jumlah Peralatan | F41: =SUM(F40:F40) -> 8500
B42: D. JUMLAH (A+B+C) | F42: =F38+F41 -> 59250
B43: E. Overhead & Profit | D43: ='Informasi Proyek'!$C$20 -> 0.1 | F43: =F42*D43 -> 5925
B44: F. HARGA SATUAN PEKERJAAN per m3 (D+E, dibulatkan) | F44: =ROUND(F42+F43,0) -> 65175
A46: A.04 | B46: Urugan pasir (dipadatkan) | C46: m3 | G46: Permen PUPR 8/2023
A47: No | B47: Uraian komponen | C47: Satuan | D47: Koefisien | E47: Harga Satuan (Rp) | F47: Jumlah (Rp)
B48: A. TENAGA KERJA
A49: 1 | B49: Pekerja [L01] | C49: OH | D49: 0.3 | E49: ='Harga Bahan dan Tenaga'!$D$7 -> 135000 | F49: =D49*E49 -> 40500
A50: 2 | B50: Mandor [L09] | C50: OH | D50: 0.015 | E50: ='Harga Bahan dan Tenaga'!$D$15 -> 200000 | F50: =D50*E50 -> 3000
B51: Jumlah Tenaga Kerja | F51: =SUM(F49:F50) -> 43500
B52: B. BAHAN
A53: 1 | B53: Pasir urug [M03] | C53: m3 | D53: 1.2 | E53: ='Harga Bahan dan Tenaga'!$D$19 -> 320000 | F53: =D53*E53 -> 384000
B54: Jumlah Bahan | F54: =SUM(F53:F53) -> 384000
B55: D. JUMLAH (A+B+C) | F55: =F51+F54 -> 427500
B56: E. Overhead & Profit | D56: ='Informasi Proyek'!$C$20 -> 0.1 | F56: =F55*D56 -> 42750
B57: F. HARGA SATUAN PEKERJAAN per m3 (D+E, dibulatkan) | F57: =ROUND(F55+F56,0) -> 470250
A59: A.05 | B59: Timbunan tanah pilihan (datang) + perataan | C59: m3 | G59: AHSP, disesuaikan
A60: No | B60: Uraian komponen | C60: Satuan | D60: Koefisien | E60: Harga Satuan (Rp) | F60: Jumlah (Rp)
B61: A. TENAGA KERJA
A62: 1 | B62: Pekerja [L01] | C62: OH | D62: 0.2 | E62: ='Harga Bahan dan Tenaga'!$D$7 -> 135000 | F62: =D62*E62 -> 27000
A63: 2 | B63: Mandor [L09] | C63: OH | D63: 0.01 | E63: ='Harga Bahan dan Tenaga'!$D$15 -> 200000 | F63: =D63*E63 -> 2000
B64: Jumlah Tenaga Kerja | F64: =SUM(F62:F63) -> 29000
B65: B. BAHAN
A66: 1 | B66: Tanah timbunan pilihan [M19] | C66: m3 | D66: 1.2 | E66: ='Harga Bahan dan Tenaga'!$D$35 -> 120000 | F66: =D66*E66 -> 144000
B67: Jumlah Bahan | F67: =SUM(F66:F66) -> 144000
B68: C. PERALATAN
A69: 1 | B69: Excavator PC-200 (incl. operator & BBM) [E01] | C69: jam | D69: 0.03 | E69: ='Harga Bahan dan Tenaga'!$D$63 -> 650000 | F69: =D69*E69 -> 19500
B70: Jumlah Peralatan | F70: =SUM(F69:F69) -> 19500
B71: D. JUMLAH (A+B+C) | F71: =F64+F67+F70 -> 192500
B72: E. Overhead & Profit | D72: ='Informasi Proyek'!$C$20 -> 0.1 | F72: =F71*D72 -> 19250
B73: F. HARGA SATUAN PEKERJAAN per m3 (D+E, dibulatkan) | F73: =ROUND(F71+F72,0) -> 211750
A75: A.06 | B75: Pemadatan tanah per lapis | C75: m3 | G75: AHSP, disesuaikan
A76: No | B76: Uraian komponen | C76: Satuan | D76: Koefisien | E76: Harga Satuan (Rp) | F76: Jumlah (Rp)
B77: A. TENAGA KERJA
A78: 1 | B78: Pekerja [L01] | C78: OH | D78: 0.1 | E78: ='Harga Bahan dan Tenaga'!$D$7 -> 135000 | F78: =D78*E78 -> 13500
A79: 2 | B79: Mandor [L09] | C79: OH | D79: 0.005 | E79: ='Harga Bahan dan Tenaga'!$D$15 -> 200000 | F79: =D79*E79 -> 1000
B80: Jumlah Tenaga Kerja | F80: =SUM(F78:F79) -> 14500
B81: B. BAHAN
A82: 1 | B82: Air kerja [M07] | C82: m3 | D82: 0.05 | E82: ='Harga Bahan dan Tenaga'!$D$23 -> 35000 | F82: =D82*E82 -> 1750
B83: Jumlah Bahan | F83: =SUM(F82:F82) -> 1750
B84: C. PERALATAN
A85: 1 | B85: Stamper / plate compactor [E08] | C85: jam | D85: 0.08 | E85: ='Harga Bahan dan Tenaga'!$D$70 -> 85000 | F85: =D85*E85 -> 6800
B86: Jumlah Peralatan | F86: =SUM(F85:F85) -> 6800
B87: D. JUMLAH (A+B+C) | F87: =F80+F83+F86 -> 23050
B88: E. Overhead & Profit | D88: ='Informasi Proyek'!$C$20 -> 0.1 | F88: =F87*D88 -> 2305
B89: F. HARGA SATUAN PEKERJAAN per m3 (D+E, dibulatkan) | F89: =ROUND(F87+F88,0) -> 25355
A91: A.07 | B91: Tanah subur (top soil) + penghamparan | C91: m3 | G91: AHSP, disesuaikan
A92: No | B92: Uraian komponen | C92: Satuan | D92: Koefisien | E92: Harga Satuan (Rp) | F92: Jumlah (Rp)
B93: A. TENAGA KERJA
A94: 1 | B94: Pekerja [L01] | C94: OH | D94: 0.3 | E94: ='Harga Bahan dan Tenaga'!$D$7 -> 135000 | F94: =D94*E94 -> 40500
A95: 2 | B95: Mandor [L09] | C95: OH | D95: 0.015 | E95: ='Harga Bahan dan Tenaga'!$D$15 -> 200000 | F95: =D95*E95 -> 3000
B96: Jumlah Tenaga Kerja | F96: =SUM(F94:F95) -> 43500
B97: B. BAHAN
A98: 1 | B98: Tanah subur (top soil) [M20] | C98: m3 | D98: 1.15 | E98: ='Harga Bahan dan Tenaga'!$D$36 -> 150000 | F98: =D98*E98 -> 172500
B99: Jumlah Bahan | F99: =SUM(F98:F98) -> 172500
B100: D. JUMLAH (A+B+C) | F100: =F96+F99 -> 216000
B101: E. Overhead & Profit | D101: ='Informasi Proyek'!$C$20 -> 0.1 | F101: =F100*D101 -> 21600
B102: F. HARGA SATUAN PEKERJAAN per m3 (D+E, dibulatkan) | F102: =ROUND(F100+F101,0) -> 237600
A104: A.08 | B104: Cut & fill kawasan dengan alat berat | C104: m3 | G104: AHSP alat berat, disesuaikan
A105: No | B105: Uraian komponen | C105: Satuan | D105: Koefisien | E105: Harga Satuan (Rp) | F105: Jumlah (Rp)
B106: A. TENAGA KERJA
A107: 1 | B107: Pekerja [L01] | C107: OH | D107: 0.02 | E107: ='Harga Bahan dan Tenaga'!$D$7 -> 135000 | F107: =D107*E107 -> 2700
...

Sheet Harga Bahan dan Tenaga
A1: DAFTAR HARGA SATUAN DASAR: TENAGA KERJA, BAHAN DAN PERALATAN
A2: Kabupaten Morowali Utara, Provinsi Sulawesi Tengah - Tahun Anggaran 2026
A3: CATATAN: seluruh harga pada lembar ini adalah ESTIMASI PERENCANA (dokumen HSD/AHSP resmi Kab. Morowali Utara TA 2026 belum tersedia saat penyusunan). Ganti sel biru dengan harga resmi; seluruh analisa, RAB, rekap, dan kurva S akan terhitung ulang otomatis.
A5: Kode | B5: Uraian | C5: Satuan | D5: Harga Satuan (Rp) | E5: Keterangan / Dasar
A6: A. UPAH TENAGA KERJA (per Orang-Hari)
A7: L01 | B7: Pekerja | C7: OH | D7: 135000 | E7: Estimasi - ganti dgn HSD Upah Kab. Morowali Utara 2026
A8: L02 | B8: Tukang Batu / Tukang Plester | C8: OH | D8: 170000 | E8: Estimasi - ganti dgn HSD Upah Kab. Morowali Utara 2026
A9: L03 | B9: Tukang Kayu / Bekisting | C9: OH | D9: 170000 | E9: Estimasi - ganti dgn HSD Upah Kab. Morowali Utara 2026
A10: L04 | B10: Tukang Besi / Pembesian | C10: OH | D10: 170000 | E10: Estimasi - ganti dgn HSD Upah Kab. Morowali Utara 2026
A11: L05 | B11: Tukang Cat | C11: OH | D11: 165000 | E11: Estimasi - ganti dgn HSD Upah Kab. Morowali Utara 2026
A12: L06 | B12: Tukang Las | C12: OH | D12: 190000 | E12: Estimasi - ganti dgn HSD Upah Kab. Morowali Utara 2026
A13: L07 | B13: Tukang Keramik / Finishing | C13: OH | D13: 170000 | E13: Estimasi - ganti dgn HSD Upah Kab. Morowali Utara 2026
A14: L08 | B14: Kepala Tukang | C14: OH | D14: 190000 | E14: Estimasi - ganti dgn HSD Upah Kab. Morowali Utara 2026
A15: L09 | B15: Mandor | C15: OH | D15: 200000 | E15: Estimasi - ganti dgn HSD Upah Kab. Morowali Utara 2026
A16: B. BAHAN
A17: M01 | B17: Semen Portland (PC) | C17: kg | D17: 1760 | E17: Estimasi harga di lokasi (delivered) - ganti dgn HSD Bahan 2026
A18: M02 | B18: Pasir pasang | C18: m3 | D18: 380000 | E18: Estimasi harga di lokasi (delivered) - ganti dgn HSD Bahan 2026
A19: M03 | B19: Pasir urug | C19: m3 | D19: 320000 | E19: Estimasi harga di lokasi (delivered) - ganti dgn HSD Bahan 2026
A20: M04 | B20: Kerikil / split beton | C20: m3 | D20: 480000 | E20: Estimasi harga di lokasi (delivered) - ganti dgn HSD Bahan 2026
A21: M05 | B21: Batu kali | C21: m3 | D21: 400000 | E21: Estimasi harga di lokasi (delivered) - ganti dgn HSD Bahan 2026
A22: M06 | B22: Batu kosong (aanstamping) | C22: m3 | D22: 380000 | E22: Estimasi harga di lokasi (delivered) - ganti dgn HSD Bahan 2026
A23: M07 | B23: Air kerja | C23: m3 | D23: 35000 | E23: Estimasi harga di lokasi (delivered) - ganti dgn HSD Bahan 2026
A24: M08 | B24: Besi beton polos / ulir | C24: kg | D24: 17500 | E24: Estimasi harga di lokasi (delivered) - ganti dgn HSD Bahan 2026
A25: M09 | B25: Kawat beton (bendrat) | C25: kg | D25: 24000 | E25: Estimasi harga di lokasi (delivered) - ganti dgn HSD Bahan 2026
A26: M10 | B26: Kayu balok kelas II/III | C26: m3 | D26: 5200000 | E26: Estimasi harga di lokasi (delivered) - ganti dgn HSD Bahan 2026
A27: M11 | B27: Papan kayu bekisting | C27: m3 | D27: 4800000 | E27: Estimasi harga di lokasi (delivered) - ganti dgn HSD Bahan 2026
A28: M12 | B28: Plywood 12 mm | C28: lbr | D28: 235000 | E28: Estimasi harga di lokasi (delivered) - ganti dgn HSD Bahan 2026
... A61: M45 | B61: Primer bitumen | C61: kg | D61: 45000 | E61: Estimasi harga di lokasi (delivered) - ganti dgn HSD Bahan 2026
A62: C. PERALATAN (sewa per jam, incl. operator & BBM)
A63: E01 | B63: Excavator PC-200 (incl. operator & BBM) | C63: jam | D63: 650000 | E63: Estimasi - ganti dgn HSD Alat 2026
A64: E02 | B64: Dump truck 10 ton (incl. operator & BBM) | C64: jam | D64: 450000 | E64: Estimasi - ganti dgn HSD Alat 2026
A65: E03 | B65: Bulldozer D6 (incl. operator & BBM) | C65: jam | D65: 750000 | E65: Estimasi - ganti dgn HSD Alat 2026
A66: E04 | B66: Vibro roller (incl. operator & BBM) | C66: jam | D66: 420000 | E66: Estimasi - ganti dgn HSD Alat 2026
A67: E05 | B67: Motor grader (incl. operator & BBM) | C67: jam | D67: 600000 | E67: Estimasi - ganti dgn HSD Alat 2026
A68: E06 | B68: Concrete mixer 0.35 m3 | C68: jam | D68: 125000 | E68: Estimasi - ganti dgn HSD Alat 2026
A69: E07 | B69: Concrete vibrator | C69: jam | D69: 60000 | E69: Estimasi - ganti dgn HSD Alat 2026
A70: E08 | B70: Stamper / plate compactor | C70: jam | D70: 85000 | E70: Estimasi - ganti dgn HSD Alat 2026
A71: E09 | B71: Mobile crane 25 ton (incl. operator) | C71: jam | D71: 850000 | E71: Estimasi - ganti dgn HSD Alat 2026
A72: E10 | B72: Mesin las / genset las | C72: jam | D72: 95000 | E72: Estimasi - ganti dgn HSD Alat 2026

Sheet Schedule
A1: SCHEDULE PELAKSANAAN (BAR CHART / GANTT) DAN KURVA S
A2: ="Pekerjaan: "&'Informasi Proyek'!C7 -> Pekerjaan: Pembangunan Balai Pelatihan Vokasi dan Produktivitas Morowali Utara
A3: ="Mulai: "&TEXT('Informasi Proyek'!C16,"dd-mmm-yyyy")&" | Selesai: "&TEXT('Informasi Proyek'!C17,"dd-mmm-yyyy")&" | Durasi: "&'Informasi Proyek'!C14&" hari kalender ("&'Informasi Proyek'!C15&" minggu)" -> Mulai: 02-Nov-2026 | Selesai: 28-Aug-2027 | Durasi: 300 hari kalender (43 minggu)
A4: Sel BIRU (Mulai & Durasi, dalam minggu) dapat diubah. Progres mingguan = bobot / durasi (distribusi seragam per kegiatan).
A6: No | B6: URAIAN KEGIATAN | C6: BOBOT (%) | D6: MULAI (mgg) | E6: DURASI (mgg) | F6: SELESAI (mgg) | G6: 1 | H6: 2 | I6: 3 | J6: 4 | K6: 5 | L6: 6 | M6: 7 | N6: 8 | O6: 9 | P6: 10 | Q6: 11 | R6: 12 | S6: 13 | T6: 14 | U6: 15 | V6: 16 | W6: 17 | X6: 18 | Y6: 19 | Z6: 20 | AA6: 21 | AB6: 22 | AC6: 23 | AD6: 24 | AE6: 25 | AF6: 26 | AG6: 27 | AH6: 28 | AI6: 29 | AJ6: 30 | AK6: 31 | AL6: 32 | AM6: 33 | AN6: 34 | AO6: 35 | AP6: 36 | AQ6: 37 | AR6: 38 | AS6: 39 | AT6: 40 | AU6: 41 | AV6: 42 | AW6: 43
B7: Tanggal awal minggu | G7: ='Informasi Proyek'!$C$16+7*(G$6-1) -> 46328 | H7: ='Informasi Proyek'!$C$16+7*(H$6-1) -> 46335 | I7: ='Informasi Proyek'!$C$16+7*(I$6-1) -> 46342 | J7: ='Informasi Proyek'!$C$16+7*(J$6-1) -> 46349 | K7: ='Informasi Proyek'!$C$16+7*(K$6-1) -> 46356 | L7: ='Informasi Proyek'!$C$16+7*(L$6-1) -> 46363 | M7: ='Informasi Proyek'!$C$16+7*(M$6-1) -> 46370 | N7: ='Informasi Proyek'!$C$16+7*(N$6-1) -> 46377 | ... AW7: ='Informasi Proyek'!$C$16+7*(AW$6-1) -> 46622
A8: 1 | B8: ="PENDAHULUAN - "&Rekap!B11 -> PENDAHULUAN - PEKERJAAN PERSIAPAN | C8: =Rekap!C11/Rekap!$C$69 -> 0.01899209 | D8: 1 | E8: 43 | F8: =D8+E8-1 -> 43 | G8: =IF(AND(G$6>=$D8,G$6<=$F8),$C8/$E8,0) -> 0.00044167652 | H8: =IF(AND(H$6>=$D8,H$6<=$F8),$C8/$E8,0) -> 0.00044167652 | I8: =IF(AND(I$6>=$D8,I$6<=$F8),$C8/$E8,0) -> 0.00044167652 | J8: =IF(AND(J$6>=$D8,J$6<=$F8),$C8/$E8,0) -> 0.00044167652 | K8: =IF(AND(K$6>=$D8,K$6<=$F8),$C8/$E8,0) -> 0.00044167652 | L8: =IF(AND(L$6>=$D8,L$6<=$F8),$C8/$E8,0) -> 0.00044167652 | M8: =IF(AND(M$6>=$D8,M$6<=$F8),$C8/$E8,0) -> 0.00044167652 | N8: =IF(AND(N$6>=$D8,N$6<=$F8),$C8/$E8,0) -> 0.00044167652 | ... AW8: =IF(AND(AW$6>=$D8,AW$6<=$F8),$C8/$E8,0) -> 0.00044167652
A9: 2 | B9: ="KANTOR - "&Rekap!B14 -> KANTOR - PEKERJAAN TANAH (KANTOR) | C9: =Rekap!C14/Rekap!$C$69 -> 0.0024697252 | D9: 6 | E9: 5 | F9: =D9+E9-1 -> 10 | G9: =IF(AND(G$6>=$D9,G$6<=$F9),$C9/$E9,0) -> 0 | H9: =IF(AND(H$6>=$D9,H$6<=$F9),$C9/$E9,0) -> 0 | I9: =IF(AND(I$6>=$D9,I$6<=$F9),$C9/$E9,0) -> 0 | J9: =IF(AND(J$6>=$D9,J$6<=$F9),$C9/$E9,0) -> 0 | K9: =IF(AND(K$6>=$D9,K$6<=$F9),$C9/$E9,0) -> 0 | L9: =IF(AND(L$6>=$D9,L$6<=$F9),$C9/$E9,0) -> 0.00049394503 | M9: =IF(AND(M$6>=$D9,M$6<=$F9),$C9/$E9,0) -> 0.00049394503 | N9: =IF(AND(N$6>=$D9,N$6<=$F9),$C9/$E9,0) -> 0.00049394503 | ... AW9: =IF(AND(AW$6>=$D9,AW$6<=$F9),$C9/$E9,0) -> 0
A10: 3 | B10: ="KANTOR - "&Rekap!B15 -> KANTOR - PEKERJAAN STRUKTURAL (KANTOR) | C10: =Rekap!C15/Rekap!$C$69 -> 0.086227525 | D10: 9 | E10: 19 | F10: =D10+E10-1 -> 27 | G10: =IF(AND(G$6>=$D10,G$6<=$F10),$C10/$E10,0) -> 0 | H10: =IF(AND(H$6>=$D10,H$6<=$F10),$C10/$E10,0) -> 0 | I10: =IF(AND(I$6>=$D10,I$6<=$F10),$C10/$E10,0) -> 0 | J10: =IF(AND(J$6>=$D10,J$6<=$F10),$C10/$E10,0) -> 0 | K10: =IF(AND(K$6>=$D10,K$6<=$F10),$C10/$E10,0) -> 0 | L10: =IF(AND(L$6>=$D10,L$6<=$F10),$C10/$E10,0) -> 0 | M10: =IF(AND(M$6>=$D10,M$6<=$F10),$C10/$E10,0) -> 0 | N10: =IF(AND(N$6>=$D10,N$6<=$F10),$C10/$E10,0) -> 0 | ... AW10: =IF(AND(AW$6>=$D10,AW$6<=$F10),$C10/$E10,0) -> 0
A11: 4 | B11: ="KANTOR - "&Rekap!B16 -> KANTOR - PEKERJAAN ARSITEKTURAL (KANTOR) | C11: =Rekap!C16/Rekap!$C$69 -> 0.088384189 | D11: 21 | E11: 18 | F11: =D11+E11-1 -> 38 | G11: =IF(AND(G$6>=$D11,G$6<=$F11),$C11/$E11,0) -> 0 | H11: =IF(AND(H$6>=$D11,H$6<=$F11),$C11/$E11,0) -> 0 | I11: =IF(AND(I$6>=$D11,I$6<=$F11),$C11/$E11,0) -> 0 | J11: =IF(AND(J$6>=$D11,J$6<=$F11),$C11/$E11,0) -> 0 | K11: =IF(AND(K$6>=$D11,K$6<=$F11),$C11/$E11,0) -> 0 | L11: =IF(AND(L$6>=$D11,L$6<=$F11),$C11/$E11,0) -> 0 | M11: =IF(AND(M$6>=$D11,M$6<=$F11),$C11/$E11,0) -> 0 | N11: =IF(AND(N$6>=$D11,N$6<=$F11),$C11/$E11,0) -> 0 | ... AW11: =IF(AND(AW$6>=$D11,AW$6<=$F11),$C11/$E11,0) -> 0
A12: 5 | B12: ="KANTOR - "&Rekap!B17 -> KANTOR - PEKERJAAN MEKANIKAL (KANTOR) | C12: =Rekap!C17/Rekap!$C$69 -> 0.041221695 | D12: 28 | E12: 13 | F12: =D12+E12-1 -> 40 | G12: =IF(AND(G$6>=$D12,G$6<=$F12),$C12/$E12,0) -> 0 | H12: =IF(AND(H$6>=$D12,H$6<=$F12),$C12/$E12,0) -> 0 | I12: =IF(AND(I$6>=$D12,I$6<=$F12),$C12/$E12,0) -> 0 | J12: =IF(AND(J$6>=$D12,J$6<=$F12),$C12/$E12,0) -> 0 | K12: =IF(AND(K$6>=$D12,K$6<=$F12),$C12/$E12,0) -> 0 | L12: =IF(AND(L$6>=$D12,L$6<=$F12),$C12/$E12,0) -> 0 | M12: =IF(AND(M$6>=$D12,M$6<=$F12),$C12/$E12,0) -> 0 | N12: =IF(AND(N$6>=$D12,N$6<=$F12),$C12/$E12,0) -> 0 | ... AW12: =IF(AND(AW$6>=$D12,AW$6<=$F12),$C12/$E12,0) -> 0
A13: 6 | B13: ="KANTOR - "&Rekap!B18 -> KANTOR - PEKERJAAN PLUMBING (KANTOR) | C13: =Rekap!C18/Rekap!$C$69 -> 0.0066654551 | D13: 22 | E13: 17 | F13: =D13+E13-1 -> 38 | G13: =IF(AND(G$6>=$D13,G$6<=$F13),$C13/$E13,0) -> 0 | H13: =IF(AND(H$6>=$D13,H$6<=$F13),$C13/$E13,0) -> 0 | I13: =IF(AND(I$6>=$D13,I$6<=$F13),$C13/$E13,0) -> 0 | J13: =IF(AND(J$6>=$D13,J$6<=$F13),$C13/$E13,0) -> 0 | K13: =IF(AND(K$6>=$D13,K$6<=$F13),$C13/$E13,0) -> 0 | L13: =IF(AND(L$6>=$D13,L$6<=$F13),$C13/$E13,0) -> 0 | M13: =IF(AND(M$6>=$D13,M$6<=$F13),$C13/$E13,0) -> 0 | N13: =IF(AND(N$6>=$D13,N$6<=$F13),$C13/$E13,0) -> 0 | ... AW13: =IF(AND(AW$6>=$D13,AW$6<=$F13),$C13/$E13,0) -> 0
A14: 7 | B14: ="KANTOR - "&Rekap!B19 -> KANTOR - PEKERJAAN ELEKTRIKAL (KANTOR) | C14: =Rekap!C19/Rekap!$C$69 -> 0.014495495 | D14: 24 | E14: 16 | F14: =D14+E14-1 -> 39 | G14: =IF(AND(G$6>=$D14,G$6<=$F14),$C14/$E14,0) -> 0 | H14: =IF(AND(H$6>=$D14,H$6<=$F14),$C14/$E14,0) -> 0 | I14: =IF(AND(I$6>=$D14,I$6<=$F14),$C14/$E14,0) -> 0 | J14: =IF(AND(J$6>=$D14,J$6<=$F14),$C14/$E14,0) -> 0 | K14: =IF(AND(K$6>=$D14,K$6<=$F14),$C14/$E14,0) -> 0 | L14: =IF(AND(L$6>=$D14,L$6<=$F14),$C14/$E14,0) -> 0 | M14: =IF(AND(M$6>=$D14,M$6<=$F14),$C14/$E14,0) -> 0 | N14: =IF(AND(N$6>=$D14,N$6<=$F14),$C14/$E14,0) -> 0 | ... AW14: =IF(AND(AW$6>=$D14,AW$6<=$F14),$C14/$E14,0) -> 0
A15: 8 | B15: ="WORKSHOP LAS - "&Rekap!B22 -> WORKSHOP LAS - PEKERJAAN TANAH (WORKSHOP LAS) | C15: =Rekap!C22/Rekap!$C$69 -> 0.0030280737 | D15: 8 | E15: 4 | F15: =D15+E15-1 -> 11 | G15: =IF(AND(G$6>=$D15,G$6<=$F15),$C15/$E15,0) -> 0 | H15: =IF(AND(H$6>=$D15,H$6<=$F15),$C15/$E15,0) -> 0 | I15: =IF(AND(I$6>=$D15,I$6<=$F15),$C15/$E15,0) -> 0 | J15: =IF(AND(J$6>=$D15,J$6<=$F15),$C15/$E15,0) -> 0 | K15: =IF(AND(K$6>=$D15,K$6<=$F15),$C15/$E15,0) -> 0 | L15: =IF(AND(L$6>=$D15,L$6<=$F15),$C15/$E15,0) -> 0 | M15: =IF(AND(M$6>=$D15,M$6<=$F15),$C15/$E15,0) -> 0 | N15: =IF(AND(N$6>=$D15,N$6<=$F15),$C15/$E15,0) -> 0.00075701841 | ... AW15: =IF(AND(AW$6>=$D15,AW$6<=$F15),$C15/$E15,0) -> 0
A16: 9 | B16: ="WORKSHOP LAS - "&Rekap!B23 -> WORKSHOP LAS - PEKERJAAN STRUKTURAL (WORKSHOP LAS) | C16: =Rekap!C23/Rekap!$C$69 -> 0.04217529 | D16: 11 | E16: 15 | F16: =D16+E16-1 -> 25 | G16: =IF(AND(G$6>=$D16,G$6<=$F16),$C16/$E16,0) -> 0 | H16: =IF(AND(H$6>=$D16,H$6<=$F16),$C16/$E16,0) -> 0 | I16: =IF(AND(I$6>=$D16,I$6<=$F16),$C16/$E16,0) -> 0 | J16: =IF(AND(J$6>=$D16,J$6<=$F16),$C16/$E16,0) -> 0 | K16: =IF(AND(K$6>=$D16,K$6<=$F16),$C16/$E16,0) -> 0 | L16: =IF(AND(L$6>=$D16,L$6<=$F16),$C16/$E16,0) -> 0 | M16: =IF(AND(M$6>=$D16,M$6<=$F16),$C16/$E16,0) -> 0 | N16: =IF(AND(N$6>=$D16,N$6<=$F16),$C16/$E16,0) -> 0 | ... AW16: =IF(AND(AW$6>=$D16,AW$6<=$F16),$C16/$E16,0) -> 0
A17: 10 | B17: ="WORKSHOP LAS - "&Rekap!B24 -> WORKSHOP LAS - PEKERJAAN ARSITEKTURAL (WORKSHOP LAS) | C17: =Rekap!C24/Rekap!$C$69 -> 0.047371516 | D17: 22 | E17: 12 | F17: =D17+E17-1 -> 33 | G17: =IF(AND(G$6>=$D17,G$6<=$F17),$C17/$E17,0) -> 0 | H17: =IF(AND(H$6>=$D17,H$6<=$F17),$C17/$E17,0) -> 0 | I17: =IF(AND(I$6>=$D17,I$6<=$F17),$C17/$E17,0) -> 0 | J17: =IF(AND(J$6>=$D17,J$6<=$F17),$C17/$E17,0) -> 0 | K17: =IF(AND(K$6>=$D17,K$6<=$F17),$C17/$E17,0) -> 0 | L17: =IF(AND(L$6>=$D17,L$6<=$F17),$C17/$E17,0) -> 0 | M17: =IF(AND(M$6>=$D17,M$6<=$F17),$C17/$E17,0) -> 0 | N17: =IF(AND(N$6>=$D17,N$6<=$F17),$C17/$E17,0) -> 0 | ... AW17: =IF(AND(AW$6>=$D17,AW$6<=$F17),$C17/$E17,0) -> 0
A18: 11 | B18: ="WORKSHOP LAS - "&Rekap!B25 -> WORKSHOP LAS - PEKERJAAN MEKANIKAL (WORKSHOP LAS) | C18: =Rekap!C25/Rekap!$C$69 -> 0.0013998885 | D18: 30 | E18: 6 | F18: =D18+E18-1 -> 35 | G18: =IF(AND(G$6>=$D18,G$6<=$F18),$C18/$E18,0) -> 0 | H18: =IF(AND(H$6>=$D18,H$6<=$F18),$C18/$E18,0) -> 0 | I18: =IF(AND(I$6>=$D18,I$6<=$F18),$C18/$E18,0) -> 0 | J18: =IF(AND(J$6>=$D18,J$6<=$F18),$C18/$E18,0) -> 0 | K18: =IF(AND(K$6>=$D18,K$6<=$F18),$C18/$E18,0) -> 0 | L18: =IF(AND(L$6>=$D18,L$6<=$F18),$C18/$E18,0) -> 0 | M18: =IF(AND(M$6>=$D18,M$6<=$F18),$C18/$E18,0) -> 0 | N18: =IF(AND(N$6>=$D18,N$6<=$F18),$C18/$E18,0) -> 0 | ... AW18: =IF(AND(AW$6>=$D18,AW$6<=$F18),$C18/$E18,0) -> 0
A19: 12 | B19: ="WORKSHOP LAS - "&Rekap!B26 -> WORKSHOP LAS - PEKERJAAN PLUMBING (WORKSHOP LAS) | C19: =Rekap!C26/Rekap!$C$69 -> 0.003350159 | D19: 27 | E19: 9 | F19: =D19+E19-1 -> 35 | G19: =IF(AND(G$6>=$D19,G$6<=$F19),$C19/$E19,0) -> 0 | H19: =IF(AND(H$6>=$D19,H$6<=$F19),$C19/$E19,0) -> 0 | I19: =IF(AND(I$6>=$D19,I$6<=$F19),$C19/$E19,0) -> 0 | J19: =IF(AND(J$6>=$D19,J$6<=$F19),$C19/$E19,0) -> 0 | K19: =IF(AND(K$6>=$D19,K$6<=$F19),$C19/$E19,0) -> 0 | L19: =IF(AND(L$6>=$D19,L$6<=$F19),$C19/$E19,0) -> 0 | M19: =IF(AND(M$6>=$D19,M$6<=$F19),$C19/$E19,0) -> 0 | N19: =IF(AND(N$6>=$D19,N$6<=$F19),$C19/$E19,0) -> 0 | ... AW19: =IF(AND(AW$6>=$D19,AW$6<=$F19),$C19/$E19,0) -> 0
A20: 13 | B20: ="WORKSHOP LAS - "&Rekap!B27 -> WORKSHOP LAS - PEKERJAAN ELEKTRIKAL (WORKSHOP LAS) | C20: =Rekap!C27/Rekap!$C$69 -> 0.0035097756 | D20: 29 | E20: 10 | F20: =D20+E20-1 -> 38 | G20: =IF(AND(G$6>=$D20,G$6<=$F20),$C20/$E20,0) -> 0 | H20: =IF(AND(H$6>=$D20,H$6<=$F20),$C20/$E20,0) -> 0 | I20: =IF(AND(I$6>=$D20,I$6<=$F20),$C20/$E20,0) -> 0 | J20: =IF(AND(J$6>=$D20,J$6<=$F20),$C20/$E20,0) -> 0 | K20: =IF(AND(K$6>=$D20,K$6<=$F20),$C20/$E20,0) -> 0 | L20: =IF(AND(L$6>=$D20,L$6<=$F20),$C20/$E20,0) -> 0 | M20: =IF(AND(M$6>=$D20,M$6<=$F20),$C20/$E20,0) -> 0 | N20: =IF(AND(N$6>=$D20,N$6<=$F20),$C20/$E20,0) -> 0 | ... AW20: =IF(AND(AW$6>=$D20,AW$6<=$F20),$C20/$E20,0) -> 0
A21: 14 | B21: ="WORKSHOP MEKANIK - "&Rekap!B30 -> WORKSHOP MEKANIK - PEKERJAAN TANAH (WORKSHOP MEKANIK) | C21: =Rekap!C30/Rekap!$C$69 -> 0.0030280737 | D21: 9 | E21: 4 | F21: =D21+E21-1 -> 12 | G21: =IF(AND(G$6>=$D21,G$6<=$F21),$C21/$E21,0) -> 0 | H21: =IF(AND(H$6>=$D21,H$6<=$F21),$C21/$E21,0) -> 0 | I21: =IF(AND(I$6>=$D21,I$6<=$F21),$C21/$E21,0) -> 0 | J21: =IF(AND(J$6>=$D21,J$6<=$F21),$C21/$E21,0) -> 0 | K21: =IF(AND(K$6>=$D21,K$6<=$F21),$C21/$E21,0) -> 0 | L21: =IF(AND(L$6>=$D21,L$6<=$F21),$C21/$E21,0) -> 0 | M21: =IF(AND(M$6>=$D21,M$6<=$F21),$C21/$E21,0) -> 0 | N21: =IF(AND(N$6>=$D21,N$6<=$F21),$C21/$E21,0) -> 0 | ... AW21: =IF(AND(AW$6>=$D21,AW$6<=$F21),$C21/$E21,0) -> 0
A22: 15 | B22: ="WORKSHOP MEKANIK - "&Rekap!B31 -> WORKSHOP MEKANIK - PEKERJAAN STRUKTURAL (WORKSHOP MEKANIK) | C22: =Rekap!C31/Rekap!$C$69 -> 0.058121373 | D22: 12 | E22: 15 | F22: =D22+E22-1 -> 26 | G22: =IF(AND(G$6>=$D22,G$6<=$F22),$C22/$E22,0) -> 0 | H22: =IF(AND(H$6>=$D22,H$6<=$F22),$C22/$E22,0) -> 0 | I22: =IF(AND(I$6>=$D22,I$6<=$F22),$C22/$E22,0) -> 0 | J22: =IF(AND(J$6>=$D22,J$6<=$F22),$C22/$E22,0) -> 0 | K22: =IF(AND(K$6>=$D22,K$6<=$F22),$C22/$E22,0) -> 0 | L22: =IF(AND(L$6>=$D22,L$6<=$F22),$C22/$E22,0) -> 0 | M22: =IF(AND(M$6>=$D22,M$6<=$F22),$C22/$E22,0) -> 0 | N22: =IF(AND(N$6>=$D22,N$6<=$F22),$C22/$E22,0) -> 0 | ... AW22: =IF(AND(AW$6>=$D22,AW$6<=$F22),$C22/$E22,0) -> 0
A23: 16 | B23: ="WORKSHOP MEKANIK - "&Rekap!B32 -> WORKSHOP MEKANIK - PEKERJAAN ARSITEKTURAL (WORKSHOP MEKANIK) | C23: =Rekap!C32/Rekap!$C$69 -> 0.047187545 | D23: 23 | E23: 12 | F23: =D23+E23-1 -> 34 | G23: =IF(AND(G$6>=$D23,G$6<=$F23),$C23/$E23,0) -> 0 | H23: =IF(AND(H$6>=$D23,H$6<=$F23),$C23/$E23,0) -> 0 | I23: =IF(AND(I$6>=$D23,I$6<=$F23),$C23/$E23,0) -> 0 | J23: =IF(AND(J$6>=$D23,J$6<=$F23),$C23/$E23,0) -> 0 | K23: =IF(AND(K$6>=$D23,K$6<=$F23),$C23/$E23,0) -> 0 | L23: =IF(AND(L$6>=$D23,L$6<=$F23),$C23/$E23,0) -> 0 | M23: =IF(AND(M$6>=$D23,M$6<=$F23),$C23/$E23,0) -> 0 | N23: =IF(AND(N$6>=$D23,N$6<=$F23),$C23/$E23,0) -> 0 | ... AW23: =IF(AND(AW$6>=$D23,AW$6<=$F23),$C23/$E23,0) -> 0
A24: 17 | B24: ="WORKSHOP MEKANIK - "&Rekap!B33 -> WORKSHOP MEKANIK - PEKERJAAN MEKANIKAL (WORKSHOP MEKANIK) | C24: =Rekap!C33/Rekap!$C$69 -> 0.0013998885 | D24: 31 | E24: 6 | F24: =D24+E24-1 -> 36 | G24: =IF(AND(G$6>=$D24,G$6<=$F24),$C24/$E24,0) -> 0 | H24: =IF(AND(H$6>=$D24,H$6<=$F24),$C24/$E24,0) -> 0 | I24: =IF(AND(I$6>=$D24,I$6<=$F24),$C24/$E24,0) -> 0 | J24: =IF(AND(J$6>=$D24,J$6<=$F24),$C24/$E24,0) -> 0 | K24: =IF(AND(K$6>=$D24,K$6<=$F24),$C24/$E24,0) -> 0 | L24: =IF(AND(L$6>=$D24,L$6<=$F24),$C24/$E24,0) -> 0 | M24: =IF(AND(M$6>=$D24,M$6<=$F24),$C24/$E24,0) -> 0 | N24: =IF(AND(N$6>=$D24,N$6<=$F24),$C24/$E24,0) -> 0 | ... AW24: =IF(AND(AW$6>=$D24,AW$6<=$F24),$C24/$E24,0) -> 0
A25: 18 | B25: ="WORKSHOP MEKANIK - "&Rekap!B34 -> WORKSHOP MEKANIK - PEKERJAAN PLUMBING (WORKSHOP MEKANIK) | C25: =Rekap!C34/Rekap!$C$69 -> 0.0032221666 | D25: 28 | E25: 9 | F25: =D25+E25-1 -> 36 | G25: =IF(AND(G$6>=$D25,G$6<=$F25),$C25/$E25,0) -> 0 | H25: =IF(AND(H$6>=$D25,H$6<=$F25),$C25/$E25,0) -> 0 | I25: =IF(AND(I$6>=$D25,I$6<=$F25),$C25/$E25,0) -> 0 | J25: =IF(AND(J$6>=$D25,J$6<=$F25),$C25/$E25,0) -> 0 | K25: =IF(AND(K$6>=$D25,K$6<=$F25),$C25/$E25,0) -> 0 | L25: =IF(AND(L$6>=$D25,L$6<=$F25),$C25/$E25,0) -> 0 | M25: =IF(AND(M$6>=$D25,M$6<=$F25),$C25/$E25,0) -> 0 | N25: =IF(AND(N$6>=$D25,N$6<=$F25),$C25/$E25,0) -> 0 | ... AW25: =IF(AND(AW$6>=$D25,AW$6<=$F25),$C25/$E25,0) -> 0
A26: 19 | B26: ="WORKSHOP MEKANIK - "&Rekap!B35 -> WORKSHOP MEKANIK - PEKERJAAN ELEKTRIKAL (WORKSHOP MEKANIK) | C26: =Rekap!C35/Rekap!$C$69 -> 0.0035878805 | D26: 30 | E26: 10 | F26: =D26+E26-1 -> 39 | G26: =IF(AND(G$6>=$D26,G$6<=$F26),$C26/$E26,0) -> 0 | H26: =IF(AND(H$6>=$D26,H$6<=$F26),$C26/$E26,0) -> 0 | I26: =IF(AND(I$6>=$D26,I$6<=$F26),$C26/$E26,0) -> 0 | J26: =IF(AND(J$6>=$D26,J$6<=$F26),$C26/$E26,0) -> 0 | K26: =IF(AND(K$6>=$D26,K$6<=$F26),$C26/$E26,0) -> 0 | L26: =IF(AND(L$6>=$D26,L$6<=$F26),$C26/$E26,0) -> 0 | M26: =IF(AND(M$6>=$D26,M$6<=$F26),$C26/$E26,0) -> 0 | N26: =IF(AND(N$6>=$D26,N$6<=$F26),$C26/$E26,0) -> 0 | ... AW26: =IF(AND(AW$6>=$D26,AW$6<=$F26),$C26/$E26,0) -> 0
A27: 20 | B27: ="WORKSHOP TIK - "&Rekap!B38 -> WORKSHOP TIK - PEKERJAAN TANAH (WORKSHOP RINGAN TEKNIK INFORMATIKA DAN KOMPUTER (TIK)) | C27: =Rekap!C38/Rekap!$C$69 -> 0.0030914695 | D27: 10 | E27: 4 | F27: =D27+E27-1 -> 13 | G27: =IF(AND(G$6>=$D27,G$6<=$F27),$C27/$E27,0) -> 0 | H27: =IF(AND(H$6>=$D27,H$6<=$F27),$C27/$E27,0) -> 0 | I27: =IF(AND(I$6>=$D27,I$6<=$F27),$C27/$E27,0) -> 0 | J27: =IF(AND(J$6>=$D27,J$6<=$F27),$C27/$E27,0) -> 0 | K27: =IF(AND(K$6>=$D27,K$6<=$F27),$C27/$E27,0) -> 0 | L27: =IF(AND(L$6>=$D27,L$6<=$F27),$C27/$E27,0) -> 0 | M27: =IF(AND(M$6>=$D27,M$6<=$F27),$C27/$E27,0) -> 0 | N27: =IF(AND(N$6>=$D27,N$6<=$F27),$C27/$E27,0) -> 0 | ... AW27: =IF(AND(AW$6>=$D27,AW$6<=$F27),$C27/$E27,0) -> 0
A28: 21 | B28: ="WORKSHOP TIK - "&Rekap!B39 -> WORKSHOP TIK - PEKERJAAN STRUKTURAL (WORKSHOP RINGAN TEKNIK INFORMATIKA DAN KOMPUTER (TIK)) | C28: =Rekap!C39/Rekap!$C$69 -> 0.031159232 | D28: 13 | E28: 14 | F28: =D28+E28-1 -> 26 | G28: =IF(AND(G$6>=$D28,G$6<=$F28),$C28/$E28,0) -> 0 | H28: =IF(AND(H$6>=$D28,H$6<=$F28),$C28/$E28,0) -> 0 | I28: =IF(AND(I$6>=$D28,I$6<=$F28),$C28/$E28,0) -> 0 | J28: =IF(AND(J$6>=$D28,J$6<=$F28),$C28/$E28,0) -> 0 | K28: =IF(AND(K$6>=$D28,K$6<=$F28),$C28/$E28,0) -> 0 | L28: =IF(AND(L$6>=$D28,L$6<=$F28),$C28/$E28,0) -> 0 | M28: =IF(AND(M$6>=$D28,M$6<=$F28),$C28/$E28,0) -> 0 | N28: =IF(AND(N$6>=$D28,N$6<=$F28),$C28/$E28,0) -> 0 | ... AW28: =IF(AND(AW$6>=$D28,AW$6<=$F28),$C28/$E28,0) -> 0
A29: 22 | B29: ="WORKSHOP TIK - "&Rekap!B40 -> WORKSHOP TIK - PEKERJAAN ARSITEKTURAL (WORKSHOP RINGAN TEKNIK INFORMATIKA DAN KOMPUTER (TIK)) | C29: =Rekap!C40/Rekap!$C$69 -> 0.039778688 | D29: 24 | E29: 12 | F29: =D29+E29-1 -> 35 | G29: =IF(AND(G$6>=$D29,G$6<=$F29),$C29/$E29,0) -> 0 | H29: =IF(AND(H$6>=$D29,H$6<=$F29),$C29/$E29,0) -> 0 | I29: =IF(AND(I$6>=$D29,I$6<=$F29),$C29/$E29,0) -> 0 | J29: =IF(AND(J$6>=$D29,J$6<=$F29),$C29/$E29,0) -> 0 | K29: =IF(AND(K$6>=$D29,K$6<=$F29),$C29/$E29,0) -> 0 | L29: =IF(AND(L$6>=$D29,L$6<=$F29),$C29/$E29,0) -> 0 | M29: =IF(AND(M$6>=$D29,M$6<=$F29),$C29/$E29,0) -> 0 | N29: =IF(AND(N$6>=$D29,N$6<=$F29),$C29/$E29,0) -> 0 | ... AW29: =IF(AND(AW$6>=$D29,AW$6<=$F29),$C29/$E29,0) -> 0
A30: 23 | B30: ="WORKSHOP TIK - "&Rekap!B41 -> WORKSHOP TIK - PEKERJAAN MEKANIKAL PLUMBING (WORKSHOP TEKNIK INFORMATIKA DAN KOMPUTER (TIK)) | C30: =Rekap!C41/Rekap!$C$69 -> 0.006397383 | D30: 28 | E30: 10 | F30: =D30+E30-1 -> 37 | G30: =IF(AND(G$6>=$D30,G$6<=$F30),$C30/$E30,0) -> 0 | H30: =IF(AND(H$6>=$D30,H$6<=$F30),$C30/$E30,0) -> 0 | I30: =IF(AND(I$6>=$D30,I$6<=$F30),$C30/$E30,0) -> 0 | J30: =IF(AND(J$6>=$D30,J$6<=$F30),$C30/$E30,0) -> 0 | K30: =IF(AND(K$6>=$D30,K$6<=$F30),$C30/$E30,0) -> 0 | L30: =IF(AND(L$6>=$D30,L$6<=$F30),$C30/$E30,0) -> 0 | M30: =IF(AND(M$6>=$D30,M$6<=$F30),$C30/$E30,0) -> 0 | N30: =IF(AND(N$6>=$D30,N$6<=$F30),$C30/$E30,0) -> 0 | ... AW30: =IF(AND(AW$6>=$D30,AW$6<=$F30),$C30/$E30,0) -> 0
A31: 24 | B31: ="WORKSHOP TIK - "&Rekap!B42 -> WORKSHOP TIK - PEKERJAAN ELEKTRIKAL (WORKSHOP TEKNIK INFORMATIKA DAN KOMPUTER (TIK)) | C31: =Rekap!C42/Rekap!$C$69 -> 0.0041105127 | D31: 30 | E31: 10 | F31: =D31+E31-1 -> 39 | G31: =IF(AND(G$6>=$D31,G$6<=$F31),$C31/$E31,0) -> 0 | H31: =IF(AND(H$6>=$D31,H$6<=$F31),$C31/$E31,0) -> 0 | I31: =IF(AND(I$6>=$D31,I$6<=$F31),$C31/$E31,0) -> 0 | J31: =IF(AND(J$6>=$D31,J$6<=$F31),$C31/$E31,0) -> 0 | K31: =IF(AND(K$6>=$D31,K$6<=$F31),$C31/$E31,0) -> 0 | L31: =IF(AND(L$6>=$D31,L$6<=$F31),$C31/$E31,0) -> 0 | M31: =IF(AND(M$6>=$D31,M$6<=$F31),$C31/$E31,0) -> 0 | N31: =IF(AND(N$6>=$D31,N$6<=$F31),$C31/$E31,0) -> 0 | ... AW31: =IF(AND(AW$6>=$D31,AW$6<=$F31),$C31/$E31,0) -> 0
A32: 25 | B32: ="GARDU PLN & POWER HOUSE - "&Rekap!B45 -> GARDU PLN & POWER HOUSE - PEKERJAAN TANAH (PLN) | C32: =Rekap!C45/Rekap!$C$69 -> 0.0037479395 | D32: 10 | E32: 3 | F32: =D32+E32-1 -> 12 | G32: =IF(AND(G$6>=$D32,G$6<=$F32),$C32/$E32,0) -> 0 | H32: =IF(AND(H$6>=$D32,H$6<=$F32),$C32/$E32,0) -> 0 | I32: =IF(AND(I$6>=$D32,I$6<=$F32),$C32/$E32,0) -> 0 | J32: =IF(AND(J$6>=$D32,J$6<=$F32),$C32/$E32,0) -> 0 | K32: =IF(AND(K$6>=$D32,K$6<=$F32),$C32/$E32,0) -> 0 | L32: =IF(AND(L$6>=$D32,L$6<=$F32),$C32/$E32,0) -> 0 | M32: =IF(AND(M$6>=$D32,M$6<=$F32),$C32/$E32,0) -> 0 | N32: =IF(AND(N$6>=$D32,N$6<=$F32),$C32/$E32,0) -> 0 | ... AW32: =IF(AND(AW$6>=$D32,AW$6<=$F32),$C32/$E32,0) -> 0
A33: 26 | B33: ="GARDU PLN & POWER HOUSE - "&Rekap!B46 -> GARDU PLN & POWER HOUSE - PEKERJAAN STRUKTURAL (PLN) | C33: =Rekap!C46/Rekap!$C$69 -> 0.036538327 | D33: 13 | E33: 9 | F33: =D33+E33-1 -> 21 | G33: =IF(AND(G$6>=$D33,G$6<=$F33),$C33/$E33,0) -> 0 | H33: =IF(AND(H$6>=$D33,H$6<=$F33),$C33/$E33,0) -> 0 | I33: =IF(AND(I$6>=$D33,I$6<=$F33),$C33/$E33,0) -> 0 | J33: =IF(AND(J$6>=$D33,J$6<=$F33),$C33/$E33,0) -> 0 | K33: =IF(AND(K$6>=$D33,K$6<=$F33),$C33/$E33,0) -> 0 | L33: =IF(AND(L$6>=$D33,L$6<=$F33),$C33/$E33,0) -> 0 | M33: =IF(AND(M$6>=$D33,M$6<=$F33),$C33/$E33,0) -> 0 | N33: =IF(AND(N$6>=$D33,N$6<=$F33),$C33/$E33,0) -> 0 | ... AW33: =IF(AND(AW$6>=$D33,AW$6<=$F33),$C33/$E33,0) -> 0
A34: 27 | B34: ="GARDU PLN & POWER HOUSE - "&Rekap!B47 -> GARDU PLN & POWER HOUSE - PEKERJAAN ARSITEKTURAL (PLN) | C34: =Rekap!C47/Rekap!$C$69 -> 0.011080081 | D34: 20 | E34: 9 | F34: =D34+E34-1 -> 28 | G34: =IF(AND(G$6>=$D34,G$6<=$F34),$C34/$E34,0) -> 0 | H34: =IF(AND(H$6>=$D34,H$6<=$F34),$C34/$E34,0) -> 0 | I34: =IF(AND(I$6>=$D34,I$6<=$F34),$C34/$E34,0) -> 0 | J34: =IF(AND(J$6>=$D34,J$6<=$F34),$C34/$E34,0) -> 0 | K34: =IF(AND(K$6>=$D34,K$6<=$F34),$C34/$E34,0) -> 0 | L34: =IF(AND(L$6>=$D34,L$6<=$F34),$C34/$E34,0) -> 0 | M34: =IF(AND(M$6>=$D34,M$6<=$F34),$C34/$E34,0) -> 0 | N34: =IF(AND(N$6>=$D34,N$6<=$F34),$C34/$E34,0) -> 0 | ... AW34: =IF(AND(AW$6>=$D34,AW$6<=$F34),$C34/$E34,0) -> 0
A35: 28 | B35: ="GARDU PLN & POWER HOUSE - "&Rekap!B48 -> GARDU PLN & POWER HOUSE - PEKERJAAN MEKANIKAL (PLN) | C35: =Rekap!C48/Rekap!$C$69 -> 0.00031551115 | D35: 30 | E35: 3 | F35: =D35+E35-1 -> 32 | G35: =IF(AND(G$6>=$D35,G$6<=$F35),$C35/$E35,0) -> 0 | H35: =IF(AND(H$6>=$D35,H$6<=$F35),$C35/$E35,0) -> 0 | I35: =IF(AND(I$6>=$D35,I$6<=$F35),$C35/$E35,0) -> 0 | J35: =IF(AND(J$6>=$D35,J$6<=$F35),$C35/$E35,0) -> 0 | K35: =IF(AND(K$6>=$D35,K$6<=$F35),$C35/$E35,0) -> 0 | L35: =IF(AND(L$6>=$D35,L$6<=$F35),$C35/$E35,0) -> 0 | M35: =IF(AND(M$6>=$D35,M$6<=$F35),$C35/$E35,0) -> 0 | N35: =IF(AND(N$6>=$D35,N$6<=$F35),$C35/$E35,0) -> 0 | ... AW35: =IF(AND(AW$6>=$D35,AW$6<=$F35),$C35/$E35,0) -> 0
A36: 29 | B36: ="GARDU PLN & POWER HOUSE - "&Rekap!B49 -> GARDU PLN & POWER HOUSE - PEKERJAAN ELEKTRIKAL (PLN) | C36: =Rekap!C49/Rekap!$C$69 -> 0.056837492 | D36: 27 | E36: 14 | F36: =D36+E36-1 -> 40 | G36: =IF(AND(G$6>=$D36,G$6<=$F36),$C36/$E36,0) -> 0 | H36: =IF(AND(H$6>=$D36,H$6<=$F36),$C36/$E36,0) -> 0 | I36: =IF(AND(I$6>=$D36,I$6<=$F36),$C36/$E36,0) -> 0 | J36: =IF(AND(J$6>=$D36,J$6<=$F36),$C36/$E36,0) -> 0 | K36: =IF(AND(K$6>=$D36,K$6<=$F36),$C36/$E36,0) -> 0 | L36: =IF(AND(L$6>=$D36,L$6<=$F36),$C36/$E36,0) -> 0 | M36: =IF(AND(M$6>=$D36,M$6<=$F36),$C36/$E36,0) -> 0 | N36: =IF(AND(N$6>=$D36,N$6<=$F36),$C36/$E36,0) -> 0 | ... AW36: =IF(AND(AW$6>=$D36,AW$6<=$F36),$C36/$E36,0) -> 0
A37: 30 | B37: ="PUMP HOUSE - "&Rekap!B52 -> PUMP HOUSE - PEKERJAAN TANAH (PUMP HOUSE) | C37: =Rekap!C52/Rekap!$C$69 -> 0.0019992443 | D37: 11 | E37: 3 | F37: =D37+E37-1 -> 13 | G37: =IF(AND(G$6>=$D37,G$6<=$F37),$C37/$E37,0) -> 0 | H37: =IF(AND(H$6>=$D37,H$6<=$F37),$C37/$E37,0) -> 0 | I37: =IF(AND(I$6>=$D37,I$6<=$F37),$C37/$E37,0) -> 0 | J37: =IF(AND(J$6>=$D37,J$6<=$F37),$C37/$E37,0) -> 0 | K37: =IF(AND(K$6>=$D37,K$6<=$F37),$C37/$E37,0) -> 0 | L37: =IF(AND(L$6>=$D37,L$6<=$F37),$C37/$E37,0) -> 0 | M37: =IF(AND(M$6>=$D37,M$6<=$F37),$C37/$E37,0) -> 0 | N37: =IF(AND(N$6>=$D37,N$6<=$F37),$C37/$E37,0) -> 0 | ... AW37: =IF(AND(AW$6>=$D37,AW$6<=$F37),$C37/$E37,0) -> 0
A38: 31 | B38: ="PUMP HOUSE - "&Rekap!B53 -> PUMP HOUSE - PEKERJAAN STRUKTURAL (PUMP HOUSE) | C38: =Rekap!C53/Rekap!$C$69 -> 0.012863343 | D38: 14 | E38: 8 | F38: =D38+E38-1 -> 21 | G38: =IF(AND(G$6>=$D38,G$6<=$F38),$C38/$E38,0) -> 0 | H38: =IF(AND(H$6>=$D38,H$6<=$F38),$C38/$E38,0) -> 0 | I38: =IF(AND(I$6>=$D38,I$6<=$F38),$C38/$E38,0) -> 0 | J38: =IF(AND(J$6>=$D38,J$6<=$F38),$C38/$E38,0) -> 0 | K38: =IF(AND(K$6>=$D38,K$6<=$F38),$C38/$E38,0) -> 0 | L38: =IF(AND(L$6>=$D38,L$6<=$F38),$C38/$E38,0) -> 0 | M38: =IF(AND(M$6>=$D38,M$6<=$F38),$C38/$E38,0) -> 0 | N38: =IF(AND(N$6>=$D38,N$6<=$F38),$C38/$E38,0) -> 0 | ... AW38: =IF(AND(AW$6>=$D38,AW$6<=$F38),$C38/$E38,0) -> 0
A39: 32 | B39: ="PUMP HOUSE - "&Rekap!B54 -> PUMP HOUSE - PEKERJAAN ARSITEKTURAL (PUMP HOUSE) | C39: =Rekap!C54/Rekap!$C$69 -> 0.0056135153 | D39: 20 | E39: 8 | F39: =D39+E39-1 -> 27 | G39: =IF(AND(G$6>=$D39,G$6<=$F39),$C39/$E39,0) -> 0 | H39: =IF(AND(H$6>=$D39,H$6<=$F39),$C39/$E39,0) -> 0 | I39: =IF(AND(I$6>=$D39,I$6<=$F39),$C39/$E39,0) -> 0 | J39: =IF(AND(J$6>=$D39,J$6<=$F39),$C39/$E39,0) -> 0 | K39: =IF(AND(K$6>=$D39,K$6<=$F39),$C39/$E39,0) -> 0 | L39: =IF(AND(L$6>=$D39,L$6<=$F39),$C39/$E39,0) -> 0 | M39: =IF(AND(M$6>=$D39,M$6<=$F39),$C39/$E39,0) -> 0 | N39: =IF(AND(N$6>=$D39,N$6<=$F39),$C39/$E39,0) -> 0 | ... AW39: =IF(AND(AW$6>=$D39,AW$6<=$F39),$C39/$E39,0) -> 0
A40: 33 | B40: ="PUMP HOUSE - "&Rekap!B55 -> PUMP HOUSE - PEKERJAAN MEKANIKAL (PUMP HOUSE) | C40: =Rekap!C55/Rekap!$C$69 -> 0.015273374 | D40: 28 | E40: 6 | F40: =D40+E40-1 -> 33 | G40: =IF(AND(G$6>=$D40,G$6<=$F40),$C40/$E40,0) -> 0 | H40: =IF(AND(H$6>=$D40,H$6<=$F40),$C40/$E40,0) -> 0 | I40: =IF(AND(I$6>=$D40,I$6<=$F40),$C40/$E40,0) -> 0 | J40: =IF(AND(J$6>=$D40,J$6<=$F40),$C40/$E40,0) -> 0 | K40: =IF(AND(K$6>=$D40,K$6<=$F40),$C40/$E40,0) -> 0 | L40: =IF(AND(L$6>=$D40,L$6<=$F40),$C40/$E40,0) -> 0 | M40: =IF(AND(M$6>=$D40,M$6<=$F40),$C40/$E40,0) -> 0 | N40: =IF(AND(N$6>=$D40,N$6<=$F40),$C40/$E40,0) -> 0 | ... AW40: =IF(AND(AW$6>=$D40,AW$6<=$F40),$C40/$E40,0) -> 0
A41: 34 | B41: ="PUMP HOUSE - "&Rekap!B56 -> PUMP HOUSE - PEKERJAAN PLUMBING (PUMP HOUSE) | C41: =Rekap!C56/Rekap!$C$69 -> 0.0045628421 | D41: 28 | E41: 6 | F41: =D41+E41-1 -> 33 | G41: =IF(AND(G$6>=$D41,G$6<=$F41),$C41/$E41,0) -> 0 | H41: =IF(AND(H$6>=$D41,H$6<=$F41),$C41/$E41,0) -> 0 | I41: =IF(AND(I$6>=$D41,I$6<=$F41),$C41/$E41,0) -> 0 | J41: =IF(AND(J$6>=$D41,J$6<=$F41),$C41/$E41,0) -> 0 | K41: =IF(AND(K$6>=$D41,K$6<=$F41),$C41/$E41,0) -> 0 | L41: =IF(AND(L$6>=$D41,L$6<=$F41),$C41/$E41,0) -> 0 | M41: =IF(AND(M$6>=$D41,M$6<=$F41),$C41/$E41,0) -> 0 | N41: =IF(AND(N$6>=$D41,N$6<=$F41),$C41/$E41,0) -> 0 | ... AW41: =IF(AND(AW$6>=$D41,AW$6<=$F41),$C41/$E41,0) -> 0
A42: 35 | B42: ="PUMP HOUSE - "&Rekap!B57 -> PUMP HOUSE - PEKERJAAN ELEKTRIKAL (PUMP HOUSE) | C42: =Rekap!C57/Rekap!$C$69 -> 0.00042579348 | D42: 29 | E42: 8 | F42: =D42+E42-1 -> 36 | G42: =IF(AND(G$6>=$D42,G$6<=$F42),$C42/$E42,0) -> 0 | H42: =IF(AND(H$6>=$D42,H$6<=$F42),$C42/$E42,0) -> 0 | I42: =IF(AND(I$6>=$D42,I$6<=$F42),$C42/$E42,0) -> 0 | J42: =IF(AND(J$6>=$D42,J$6<=$F42),$C42/$E42,0) -> 0 | K42: =IF(AND(K$6>=$D42,K$6<=$F42),$C42/$E42,0) -> 0 | L42: =IF(AND(L$6>=$D42,L$6<=$F42),$C42/$E42,0) -> 0 | M42: =IF(AND(M$6>=$D42,M$6<=$F42),$C42/$E42,0) -> 0 | N42: =IF(AND(N$6>=$D42,N$6<=$F42),$C42/$E42,0) -> 0 | ... AW42: =IF(AND(AW$6>=$D42,AW$6<=$F42),$C42/$E42,0) -> 0
A43: 36 | B43: ="FASUM - "&Rekap!B61 -> FASUM - PEKERJAAN PEMATANGAN LAHAN KAWASAN | C43: =Rekap!C61/Rekap!$C$69 -> 0.084890665 | D43: 2 | E43: 10 | F43: =D43+E43-1 -> 11 | G43: =IF(AND(G$6>=$D43,G$6<=$F43),$C43/$E43,0) -> 0 | H43: =IF(AND(H$6>=$D43,H$6<=$F43),$C43/$E43,0) -> 0.0084890665 | I43: =IF(AND(I$6>=$D43,I$6<=$F43),$C43/$E43,0) -> 0.0084890665 | J43: =IF(AND(J$6>=$D43,J$6<=$F43),$C43/$E43,0) -> 0.0084890665 | K43: =IF(AND(K$6>=$D43,K$6<=$F43),$C43/$E43,0) -> 0.0084890665 | L43: =IF(AND(L$6>=$D43,L$6<=$F43),$C43/$E43,0) -> 0.0084890665 | M43: =IF(AND(M$6>=$D43,M$6<=$F43),$C43/$E43,0) -> 0.0084890665 | N43: =IF(AND(N$6>=$D43,N$6<=$F43),$C43/$E43,0) -> 0.0084890665 | ... AW43: =IF(AND(AW$6>=$D43,AW$6<=$F43),$C43/$E43,0) -> 0
A44: 37 | B44: ="FASUM - "&Rekap!B62 -> FASUM - PEKERJAAN TURAP LEVELING LAHAN KAWASAN | C44: =Rekap!C62/Rekap!$C$69 -> 0.11896453 | D44: 5 | E44: 14 | F44: =D44+E44-1 -> 18 | G44: =IF(AND(G$6>=$D44,G$6<=$F44),$C44/$E44,0) -> 0 | H44: =IF(AND(H$6>=$D44,H$6<=$F44),$C44/$E44,0) -> 0 | I44: =IF(AND(I$6>=$D44,I$6<=$F44),$C44/$E44,0) -> 0 | J44: =IF(AND(J$6>=$D44,J$6<=$F44),$C44/$E44,0) -> 0 | K44: =IF(AND(K$6>=$D44,K$6<=$F44),$C44/$E44,0) -> 0.0084974666 | L44: =IF(AND(L$6>=$D44,L$6<=$F44),$C44/$E44,0) -> 0.0084974666 | M44: =IF(AND(M$6>=$D44,M$6<=$F44),$C44/$E44,0) -> 0.0084974666 | N44: =IF(AND(N$6>=$D44,N$6<=$F44),$C44/$E44,0) -> 0.0084974666 | ... AW44: =IF(AND(AW$6>=$D44,AW$6<=$F44),$C44/$E44,0) -> 0
A45: 38 | B45: ="FASUM - "&Rekap!B63 -> FASUM - PEKERJAAN GALIAN JALUR KABEL DAN JALAN KAWASAN | C45: =Rekap!C63/Rekap!$C$69 -> 0.002755494 | D45: 22 | E45: 16 | F45: =D45+E45-1 -> 37 | G45: =IF(AND(G$6>=$D45,G$6<=$F45),$C45/$E45,0) -> 0 | H45: =IF(AND(H$6>=$D45,H$6<=$F45),$C45/$E45,0) -> 0 | I45: =IF(AND(I$6>=$D45,I$6<=$F45),$C45/$E45,0) -> 0 | J45: =IF(AND(J$6>=$D45,J$6<=$F45),$C45/$E45,0) -> 0 | K45: =IF(AND(K$6>=$D45,K$6<=$F45),$C45/$E45,0) -> 0 | L45: =IF(AND(L$6>=$D45,L$6<=$F45),$C45/$E45,0) -> 0 | M45: =IF(AND(M$6>=$D45,M$6<=$F45),$C45/$E45,0) -> 0 | N45: =IF(AND(N$6>=$D45,N$6<=$F45),$C45/$E45,0) -> 0 | ... AW45: =IF(AND(AW$6>=$D45,AW$6<=$F45),$C45/$E45,0) -> 0
A46: 39 | B46: ="FASUM - "&Rekap!B64 -> FASUM - PEKERJAAN MEP KAWASAN (Elektrikal, Hydrant, Air Bersih & Water Tank) | C46: =Rekap!C64/Rekap!$C$69 -> 0.065582409 | D46: 24 | E46: 16 | F46: =D46+E46-1 -> 39 | G46: =IF(AND(G$6>=$D46,G$6<=$F46),$C46/$E46,0) -> 0 | H46: =IF(AND(H$6>=$D46,H$6<=$F46),$C46/$E46,0) -> 0 | I46: =IF(AND(I$6>=$D46,I$6<=$F46),$C46/$E46,0) -> 0 | J46: =IF(AND(J$6>=$D46,J$6<=$F46),$C46/$E46,0) -> 0 | K46: =IF(AND(K$6>=$D46,K$6<=$F46),$C46/$E46,0) -> 0 | L46: =IF(AND(L$6>=$D46,L$6<=$F46),$C46/$E46,0) -> 0 | M46: =IF(AND(M$6>=$D46,M$6<=$F46),$C46/$E46,0) -> 0 | N46: =IF(AND(N$6>=$D46,N$6<=$F46),$C46/$E46,0) -> 0 | ... AW46: =IF(AND(AW$6>=$D46,AW$6<=$F46),$C46/$E46,0) -> 0
A47: 40 | B47: ="FASUM - "&Rekap!B65 -> FASUM - PEKERJAAN IPAL | C47: =Rekap!C65/Rekap!$C$69 -> 0.011681504 | D47: 14 | E47: 20 | F47: =D47+E47-1 -> 33 | G47: =IF(AND(G$6>=$D47,G$6<=$F47),$C47/$E47,0) -> 0 | H47: =IF(AND(H$6>=$D47,H$6<=$F47),$C47/$E47,0) -> 0 | I47: =IF(AND(I$6>=$D47,I$6<=$F47),$C47/$E47,0) -> 0 | J47: =IF(AND(J$6>=$D47,J$6<=$F47),$C47/$E47,0) -> 0 | K47: =IF(AND(K$6>=$D47,K$6<=$F47),$C47/$E47,0) -> 0 | L47: =IF(AND(L$6>=$D47,L$6<=$F47),$C47/$E47,0) -> 0 | M47: =IF(AND(M$6>=$D47,M$6<=$F47),$C47/$E47,0) -> 0 | N47: =IF(AND(N$6>=$D47,N$6<=$F47),$C47/$E47,0) -> 0 | ... AW47: =IF(AND(AW$6>=$D47,AW$6<=$F47),$C47/$E47,0) -> 0
A48: 41 | B48: ="FASUM - "&Rekap!B66 -> FASUM - PEKERJAAN TPS LB3 | C48: =Rekap!C66/Rekap!$C$69 -> 0.0017047017 | D48: 31 | E48: 7 | F48: =D48+E48-1 -> 37 | G48: =IF(AND(G$6>=$D48,G$6<=$F48),$C48/$E48,0) -> 0 | H48: =IF(AND(H$6>=$D48,H$6<=$F48),$C48/$E48,0) -> 0 | I48: =IF(AND(I$6>=$D48,I$6<=$F48),$C48/$E48,0) -> 0 | J48: =IF(AND(J$6>=$D48,J$6<=$F48),$C48/$E48,0) -> 0 | K48: =IF(AND(K$6>=$D48,K$6<=$F48),$C48/$E48,0) -> 0 | L48: =IF(AND(L$6>=$D48,L$6<=$F48),$C48/$E48,0) -> 0 | M48: =IF(AND(M$6>=$D48,M$6<=$F48),$C48/$E48,0) -> 0 | N48: =IF(AND(N$6>=$D48,N$6<=$F48),$C48/$E48,0) -> 0 | ... AW48: =IF(AND(AW$6>=$D48,AW$6<=$F48),$C48/$E48,0) -> 0
A49: 42 | B49: ="FASUM - "&Rekap!B67 -> FASUM - PEKERJAAN TPS 3R | C49: =Rekap!C67/Rekap!$C$69 -> 0.0047881412 | D49: 31 | E49: 7 | F49: =D49+E49-1 -> 37 | G49: =IF(AND(G$6>=$D49,G$6<=$F49),$C49/$E49,0) -> 0 | H49: =IF(AND(H$6>=$D49,H$6<=$F49),$C49/$E49,0) -> 0 | I49: =IF(AND(I$6>=$D49,I$6<=$F49),$C49/$E49,0) -> 0 | J49: =IF(AND(J$6>=$D49,J$6<=$F49),$C49/$E49,0) -> 0 | K49: =IF(AND(K$6>=$D49,K$6<=$F49),$C49/$E49,0) -> 0 | L49: =IF(AND(L$6>=$D49,L$6<=$F49),$C49/$E49,0) -> 0 | M49: =IF(AND(M$6>=$D49,M$6<=$F49),$C49/$E49,0) -> 0 | N49: =IF(AND(N$6>=$D49,N$6<=$F49),$C49/$E49,0) -> 0 | ... AW49: =IF(AND(AW$6>=$D49,AW$6<=$F49),$C49/$E49,0) -> 0
A50: 43 | B50: Testing, commissioning, as-built drawing, serah terima PHO (tanpa bobot RAB) | C50: 0 | D50: 41 | E50: 3 | F50: =D50+E50-1 -> 43 | G50: =IF(AND(G$6>=$D50,G$6<=$F50),$C50/$E50,0) -> 0 | H50: =IF(AND(H$6>=$D50,H$6<=$F50),$C50/$E50,0) -> 0 | I50: =IF(AND(I$6>=$D50,I$6<=$F50),$C50/$E50,0) -> 0 | J50: =IF(AND(J$6>=$D50,J$6<=$F50),$C50/$E50,0) -> 0 | K50: =IF(AND(K$6>=$D50,K$6<=$F50),$C50/$E50,0) -> 0 | L50: =IF(AND(L$6>=$D50,L$6<=$F50),$C50/$E50,0) -> 0 | M50: =IF(AND(M$6>=$D50,M$6<=$F50),$C50/$E50,0) -> 0 | N50: =IF(AND(N$6>=$D50,N$6<=$F50),$C50/$E50,0) -> 0 | ... AW50: =IF(AND(AW$6>=$D50,AW$6<=$F50),$C50/$E50,0) -> 0
B51: RENCANA PROGRES MINGGUAN (%) | C51: =SUM(C8:C50) -> 1 | G51: =SUM(G8:G50) -> 0.00044167652 | H51: =SUM(H8:H50) -> 0.008930743 | I51: =SUM(I8:I50) -> 0.008930743 | J51: =SUM(J8:J50) -> 0.008930743 | K51: =SUM(K8:K50) -> 0.01742821 | L51: =SUM(L8:L50) -> 0.017922155 | M51: =SUM(M8:M50) -> 0.017922155 | N51: =SUM(N8:N50) -> 0.018679173 | ... AW51: =SUM(AW8:AW50) -> 0.00044167652
B52: RENCANA PROGRES KUMULATIF (%) | G52: =SUM($G51:G51) -> 0.00044167652 | H52: =SUM($G51:H51) -> 0.0093724195 | I52: =SUM($G51:I51) -> 0.018303163 | J52: =SUM($G51:J51) -> 0.027233906 | K52: =SUM($G51:K51) -> 0.044662115 | L52: =SUM($G51:L51) -> 0.06258427 | M52: =SUM($G51:M51) -> 0.080506425 | N52: =SUM($G51:N51) -> 0.099185598 | ... AW52: =SUM($G51:AW51) -> 1
B53: REALISASI PROGRES KUMULATIF (%) - isi mingguan
B54: DEVIASI (realisasi - rencana) | G54: =IF(G53="","",G53-G52) | H54: =IF(H53="","",H53-H52) | I54: =IF(I53="","",I53-I52) | J54: =IF(J53="","",J53-J52) | K54: =IF(K53="","",K53-K52) | L54: =IF(L53="","",L53-L52) | M54: =IF(M53="","",M53-M52) | N54: =IF(N53="","",N53-N52) | ... AW54: =IF(AW53="","",AW53-AW52)
B55: Nilai rencana kumulatif (Rp) | G55: =G52*Rekap!$C$69 -> 24892821 | H55: =H52*Rekap!$C$69 -> 5.2822813e+08 | I55: =I52*Rekap!$C$69 -> 1.0315634e+09 | J55: =J52*Rekap!$C$69 -> 1.5348987e+09 | K55: =K52*Rekap!$C$69 -> 2.51715e+09 | L55: =L52*Rekap!$C$69 -> 3.5272399e+09 | M55: =M52*Rekap!$C$69 -> 4.5373297e+09 | N55: =N52*Rekap!$C$69 -> 5.5900851e+09 | ... AW55: =AW52*Rekap!$C$69 -> 56359846641
