Workbook

Sheet Informasi Project
A1: RENCANA ANGGARAN BIAYA (RAB)
A2: Sheet ini adalah pusat input. Sel BIRU = diisi/diubah pengguna; sel hitam = rumus. Seluruh data di bawah adalah CONTOH — ganti sesuai proyek.
A4: Nama Proyek | B4: Pembangunan Rumah Tinggal Tipe 36
A5: Lokasi Proyek | B5: Jl. Contoh No. 1, Kota Contoh
A6: Pemilik / Owner | B6: Bapak/Ibu Contoh
A7: Project Manager | B7: (isi nama PM)
A8: Konsultan Perencana | B8: (isi nama konsultan)
A9: Kontraktor Pelaksana | B9: (isi nama kontraktor)
A10: Jenis Pekerjaan | B10: Gedung / Bangunan Rumah Tinggal 1 Lantai
A11: Tahun Anggaran | B11: 2026
A12: Tanggal Penyusunan | B12: 2026-10-15
A13: Luas Bangunan (m²) | B13: 36
A14: Durasi Pelaksanaan (hari kalender) | B14: 90
A15: Sumber Dana | B15: Pribadi / Swadana
A16: Overhead & Profit (%) | B16: 0.15
A17: PPN (%) | B17: 0.11
A18: Pembulatan ke kelipatan (Rp) | B18: 1000
A21: CATATAN & ASUMSI
A22: 1. Koefisien analisa (AHSP) bersifat indikatif mengacu pola SNI/Permen PUPR; verifikasi dengan standar & kondisi lapangan proyek.
A23: 2. Harga bahan & upah adalah asumsi contoh (Rp, estimasi 2026) — WAJIB diganti dengan harga survei/pasar lokasi proyek.
A24: 3. Overhead & Profit (kuning) ditambahkan di atas jumlah bahan + upah pada setiap analisa harga satuan.
A25: 4. Alur data: Harga Bahan & Harga Upah -> Analisa Harga Satuan -> Rekap RAB (volume diinput di Rekap RAB).
A26: 5. Volume pekerjaan pada Rekap RAB adalah contoh; ganti dengan hasil perhitungan quantity take-off dari gambar kerja.

Sheet Rekap RAB
A1: REKAPITULASI RENCANA ANGGARAN BIAYA
A2: ="Proyek: "&'Informasi Project'!B4 -> Proyek: Pembangunan Rumah Tinggal Tipe 36
A3: ="Lokasi: "&'Informasi Project'!B5 -> Lokasi: Jl. Contoh No. 1, Kota Contoh
A5: No | B5: Uraian Pekerjaan | C5: Kode AHSP | D5: Satuan | E5: Volume | F5: Harga Satuan (Rp) | G5: Jumlah Harga (Rp) | H5: Bobot (%)
A6: A | B6: PEKERJAAN PERSIAPAN & TANAH
A7: 1 | B7: =INDEX('Analisa Harga Satuan'!$B$5:$B$157,MATCH(C7,'Analisa Harga Satuan'!$A$5:$A$157,0)) -> Pembersihan lahan & perataan | C7: A.1 | D7: =INDEX('Analisa Harga Satuan'!$C$5:$C$157,MATCH(C7,'Analisa Harga Satuan'!$A$5:$A$157,0)) -> m² | E7: 54 | F7: =INDEX('Analisa Harga Satuan'!$F$5:$F$157,MATCH(C7,'Analisa Harga Satuan'!$A$5:$A$157,0)) -> 8021.25 | G7: =E7*F7 -> 433147.5 | H7: =IF($G$37=0,0,G7/$G$37) -> 0.003961551
A8: 2 | B8: =INDEX('Analisa Harga Satuan'!$B$5:$B$157,MATCH(C8,'Analisa Harga Satuan'!$A$5:$A$157,0)) -> Galian tanah pondasi | C8: A.2 | D8: =INDEX('Analisa Harga Satuan'!$C$5:$C$157,MATCH(C8,'Analisa Harga Satuan'!$A$5:$A$157,0)) -> m³ | E8: 14 | F8: =INDEX('Analisa Harga Satuan'!$F$5:$F$157,MATCH(C8,'Analisa Harga Satuan'!$A$5:$A$157,0)) -> 117587.5 | G8: =E8*F8 -> 1646225 | H8: =IF($G$37=0,0,G8/$G$37) -> 0.015056313
A9: 3 | B9: =INDEX('Analisa Harga Satuan'!$B$5:$B$157,MATCH(C9,'Analisa Harga Satuan'!$A$5:$A$157,0)) -> Urugan pasir bawah pondasi | C9: A.3 | D9: =INDEX('Analisa Harga Satuan'!$C$5:$C$157,MATCH(C9,'Analisa Harga Satuan'!$A$5:$A$157,0)) -> m³ | E9: 5 | F9: =INDEX('Analisa Harga Satuan'!$F$5:$F$157,MATCH(C9,'Analisa Harga Satuan'!$A$5:$A$157,0)) -> 405835 | G9: =E9*F9 -> 2029175 | H9: =IF($G$37=0,0,G9/$G$37) -> 0.018558759
B10: Sub Total A | G10: =SUM(G7:G9) -> 4108547.5 | H10: =IF($G$37=0,0,G10/$G$37) -> 0.037576623
A12: B | B12: PEKERJAAN STRUKTUR
A13: 1 | B13: =INDEX('Analisa Harga Satuan'!$B$5:$B$157,MATCH(C13,'Analisa Harga Satuan'!$A$5:$A$157,0)) -> Pondasi batu kali campuran 1 PC : 5 PS | C13: B.1 | D13: =INDEX('Analisa Harga Satuan'!$C$5:$C$157,MATCH(C13,'Analisa Harga Satuan'!$A$5:$A$157,0)) -> m³ | E13: 14 | F13: =INDEX('Analisa Harga Satuan'!$F$5:$F$157,MATCH(C13,'Analisa Harga Satuan'!$A$5:$A$157,0)) -> 1207413.8 | G13: =E13*F13 -> 16903792 | H13: =IF($G$37=0,0,G13/$G$37) -> 0.15460146
A14: 2 | B14: =INDEX('Analisa Harga Satuan'!$B$5:$B$157,MATCH(C14,'Analisa Harga Satuan'!$A$5:$A$157,0)) -> Beton K-175 (1:2:3) sloof/kolom/ring balk | C14: B.2 | D14: =INDEX('Analisa Harga Satuan'!$C$5:$C$157,MATCH(C14,'Analisa Harga Satuan'!$A$5:$A$157,0)) -> m³ | E14: 3.2 | F14: =INDEX('Analisa Harga Satuan'!$F$5:$F$157,MATCH(C14,'Analisa Harga Satuan'!$A$5:$A$157,0)) -> 1364383 | G14: =E14*F14 -> 4366025.6 | H14: =IF($G$37=0,0,G14/$G$37) -> 0.039931508
A15: 3 | B15: =INDEX('Analisa Harga Satuan'!$B$5:$B$157,MATCH(C15,'Analisa Harga Satuan'!$A$5:$A$157,0)) -> Pembesian dengan besi polos/ulir | C15: B.3 | D15: =INDEX('Analisa Harga Satuan'!$C$5:$C$157,MATCH(C15,'Analisa Harga Satuan'!$A$5:$A$157,0)) -> kg | E15: 320 | F15: =INDEX('Analisa Harga Satuan'!$F$5:$F$157,MATCH(C15,'Analisa Harga Satuan'!$A$5:$A$157,0)) -> 20416.525 | G15: =E15*F15 -> 6533288 | H15: =IF($G$37=0,0,G15/$G$37) -> 0.05975321
A16: 4 | B16: =INDEX('Analisa Harga Satuan'!$B$5:$B$157,MATCH(C16,'Analisa Harga Satuan'!$A$5:$A$157,0)) -> Bekisting kolom/sloof (kayu) | C16: B.4 | D16: =INDEX('Analisa Harga Satuan'!$C$5:$C$157,MATCH(C16,'Analisa Harga Satuan'!$A$5:$A$157,0)) -> m² | E16: 28 | F16: =INDEX('Analisa Harga Satuan'!$F$5:$F$157,MATCH(C16,'Analisa Harga Satuan'!$A$5:$A$157,0)) -> 321413.5 | G16: =E16*F16 -> 8999578 | H16: =IF($G$37=0,0,G16/$G$37) -> 0.082309806
B17: Sub Total B | G17: =SUM(G13:G16) -> 36802684 | H17: =IF($G$37=0,0,G17/$G$37) -> 0.33659598
A19: C | B19: PEKERJAAN DINDING
A20: 1 | B20: =INDEX('Analisa Harga Satuan'!$B$5:$B$157,MATCH(C20,'Analisa Harga Satuan'!$A$5:$A$157,0)) -> Pasangan dinding bata merah 1 PC : 4 PS | C20: C.1 | D20: =INDEX('Analisa Harga Satuan'!$C$5:$C$157,MATCH(C20,'Analisa Harga Satuan'!$A$5:$A$157,0)) -> m² | E20: 95 | F20: =INDEX('Analisa Harga Satuan'!$F$5:$F$157,MATCH(C20,'Analisa Harga Satuan'!$A$5:$A$157,0)) -> 173023.25 | G20: =E20*F20 -> 16437209 | H20: =IF($G$37=0,0,G20/$G$37) -> 0.1503341
A21: 2 | B21: =INDEX('Analisa Harga Satuan'!$B$5:$B$157,MATCH(C21,'Analisa Harga Satuan'!$A$5:$A$157,0)) -> Plesteran 1 PC : 4 PS tebal 15 mm | C21: C.2 | D21: =INDEX('Analisa Harga Satuan'!$C$5:$C$157,MATCH(C21,'Analisa Harga Satuan'!$A$5:$A$157,0)) -> m² | E21: 190 | F21: =INDEX('Analisa Harga Satuan'!$F$5:$F$157,MATCH(C21,'Analisa Harga Satuan'!$A$5:$A$157,0)) -> 96327.45 | G21: =E21*F21 -> 18302216 | H21: =IF($G$37=0,0,G21/$G$37) -> 0.16739138
B22: Sub Total C | G22: =SUM(G20:G21) -> 34739424 | H22: =IF($G$37=0,0,G22/$G$37) -> 0.31772549
A24: D | B24: PEKERJAAN ATAP
A25: 1 | B25: =INDEX('Analisa Harga Satuan'!$B$5:$B$157,MATCH(C25,'Analisa Harga Satuan'!$A$5:$A$157,0)) -> Rangka atap kayu & penutup genteng beton | C25: D.1 | D25: =INDEX('Analisa Harga Satuan'!$C$5:$C$157,MATCH(C25,'Analisa Harga Satuan'!$A$5:$A$157,0)) -> m² | E25: 45 | F25: =INDEX('Analisa Harga Satuan'!$F$5:$F$157,MATCH(C25,'Analisa Harga Satuan'!$A$5:$A$157,0)) -> 260245 | G25: =E25*F25 -> 11711025 | H25: =IF($G$37=0,0,G25/$G$37) -> 0.1071086
B26: Sub Total D | G26: =SUM(G25:G25) -> 11711025 | H26: =IF($G$37=0,0,G26/$G$37) -> 0.1071086
A28: E | B28: PEKERJAAN LANTAI & PLAFON
A29: 1 | B29: =INDEX('Analisa Harga Satuan'!$B$5:$B$157,MATCH(C29,'Analisa Harga Satuan'!$A$5:$A$157,0)) -> Pasang lantai keramik 40x40 | C29: E.1 | D29: =INDEX('Analisa Harga Satuan'!$C$5:$C$157,MATCH(C29,'Analisa Harga Satuan'!$A$5:$A$157,0)) -> m² | E29: 36 | F29: =INDEX('Analisa Harga Satuan'!$F$5:$F$157,MATCH(C29,'Analisa Harga Satuan'!$A$5:$A$157,0)) -> 316508.75 | G29: =E29*F29 -> 11394315 | H29: =IF($G$37=0,0,G29/$G$37) -> 0.10421198
A30: 2 | B30: =INDEX('Analisa Harga Satuan'!$B$5:$B$157,MATCH(C30,'Analisa Harga Satuan'!$A$5:$A$157,0)) -> Plafon gypsum rangka kayu | C30: E.2 | D30: =INDEX('Analisa Harga Satuan'!$C$5:$C$157,MATCH(C30,'Analisa Harga Satuan'!$A$5:$A$157,0)) -> m² | E30: 36 | F30: =INDEX('Analisa Harga Satuan'!$F$5:$F$157,MATCH(C30,'Analisa Harga Satuan'!$A$5:$A$157,0)) -> 129944.25 | G30: =E30*F30 -> 4677993 | H30: =IF($G$37=0,0,G30/$G$37) -> 0.04278475
B31: Sub Total E | G31: =SUM(G29:G30) -> 16072308 | H31: =IF($G$37=0,0,G31/$G$37) -> 0.14699673
A33: F | B33: PEKERJAAN FINISHING
A34: 1 | B34: =INDEX('Analisa Harga Satuan'!$B$5:$B$157,MATCH(C34,'Analisa Harga Satuan'!$A$5:$A$157,0)) -> Pengecatan dinding (plamir + cat 1 lapis) | C34: F.1 | D34: =INDEX('Analisa Harga Satuan'!$C$5:$C$157,MATCH(C34,'Analisa Harga Satuan'!$A$5:$A$157,0)) -> m² | E34: 190 | F34: =INDEX('Analisa Harga Satuan'!$F$5:$F$157,MATCH(C34,'Analisa Harga Satuan'!$A$5:$A$157,0)) -> 31073 | G34: =E34*F34 -> 5903870 | H34: =IF($G$37=0,0,G34/$G$37) -> 0.053996576
B35: Sub Total F | G35: =SUM(G34:G34) -> 5903870 | H35: =IF($G$37=0,0,G35/$G$37) -> 0.053996576
B37: JUMLAH TOTAL (A+B+C+D+E+F) | G37: =G10+G17+G22+G26+G31+G35 -> 1.0933786e+08
B38: PPN | G38: =G37*'Informasi Project'!$B$17 -> 12027164
B39: TOTAL SETELAH PPN | G39: =G37+G38 -> 1.2136502e+08
B40: TOTAL RAB (DIBULATKAN) | G40: =IF('Informasi Project'!$B$18>0,CEILING(G39,'Informasi Project'!$B$18),G39) -> 121366000
B41: Biaya per m² bangunan | G41: =IF('Informasi Project'!$B$13>0,G40/'Informasi Project'!$B$13,0) -> 3371277.8
A43: Catatan: Kode AHSP & Volume (biru) adalah input. Volume contoh — ganti dengan hasil quantity take-off. Harga satuan terhubung otomatis ke sheet Analisa Harga Satuan.
B45: Disusun oleh, | G45: Disetujui oleh,
B49: ( ............................ ) | G49: ( ............................ )
B50: Project Manager | G50: Pemilik Proyek

Sheet Analisa Harga Satuan
A1: ANALISA HARGA SATUAN PEKERJAAN (AHSP)
A2: Koefisien (biru) = input, indikatif mengacu pola SNI. Uraian, satuan & harga komponen diambil otomatis dari sheet Harga Bahan / Harga Upah berdasarkan kode.
A4: Kode | B4: Uraian | C4: Satuan | D4: Koefisien | E4: Harga Satuan (Rp) | F4: Jumlah Harga (Rp) | G4: Kategori
A5: A.1 | B5: Pembersihan lahan & perataan | C5: m² | E5: Harga satuan: | F5: =F11 -> 8021.25
A6: U-01 | B6: =IF(LEFT($A6,1)="B",INDEX('Harga Bahan'!$B$5:$B$200,MATCH($A6,'Harga Bahan'!$A$5:$A$200,0)),INDEX('Harga Upah'!$B$5:$B$200,MATCH($A6,'Harga Upah'!$A$5:$A$200,0))) -> Pekerja | C6: =IF(LEFT($A6,1)="B",INDEX('Harga Bahan'!$C$5:$C$200,MATCH($A6,'Harga Bahan'!$A$5:$A$200,0)),INDEX('Harga Upah'!$C$5:$C$200,MATCH($A6,'Harga Upah'!$A$5:$A$200,0))) -> OH | D6: 0.05 | E6: =IF(LEFT($A6,1)="B",INDEX('Harga Bahan'!$D$5:$D$200,MATCH($A6,'Harga Bahan'!$A$5:$A$200,0)),INDEX('Harga Upah'!$D$5:$D$200,MATCH($A6,'Harga Upah'!$A$5:$A$200,0))) -> 130000 | F6: =D6*E6 -> 6500 | G6: Upah
A7: U-07 | B7: =IF(LEFT($A7,1)="B",INDEX('Harga Bahan'!$B$5:$B$200,MATCH($A7,'Harga Bahan'!$A$5:$A$200,0)),INDEX('Harga Upah'!$B$5:$B$200,MATCH($A7,'Harga Upah'!$A$5:$A$200,0))) -> Mandor | C7: =IF(LEFT($A7,1)="B",INDEX('Harga Bahan'!$C$5:$C$200,MATCH($A7,'Harga Bahan'!$A$5:$A$200,0)),INDEX('Harga Upah'!$C$5:$C$200,MATCH($A7,'Harga Upah'!$A$5:$A$200,0))) -> OH | D7: 0.0025 | E7: =IF(LEFT($A7,1)="B",INDEX('Harga Bahan'!$D$5:$D$200,MATCH($A7,'Harga Bahan'!$A$5:$A$200,0)),INDEX('Harga Upah'!$D$5:$D$200,MATCH($A7,'Harga Upah'!$A$5:$A$200,0))) -> 190000 | F7: =D7*E7 -> 475 | G7: Upah
B8: Jumlah harga bahan | F8: =SUMIF(G6:G7,"Bahan",F6:F7) -> 0
B9: Jumlah harga upah | F9: =SUMIF(G6:G7,"Upah",F6:F7) -> 6975
B10: ="Overhead & profit ("&TEXT('Informasi Project'!$B$16,"0.0%")&")" -> Overhead & profit (15.0%) | F10: =(F8+F9)*'Informasi Project'!$B$16 -> 1046.25
B11: HARGA SATUAN PEKERJAAN | F11: =F8+F9+F10 -> 8021.25
A13: A.2 | B13: Galian tanah pondasi | C13: m³ | E13: Harga satuan: | F13: =F19 -> 117587.5
A14: U-01 | B14: =IF(LEFT($A14,1)="B",INDEX('Harga Bahan'!$B$5:$B$200,MATCH($A14,'Harga Bahan'!$A$5:$A$200,0)),INDEX('Harga Upah'!$B$5:$B$200,MATCH($A14,'Harga Upah'!$A$5:$A$200,0))) -> Pekerja | C14: =IF(LEFT($A14,1)="B",INDEX('Harga Bahan'!$C$5:$C$200,MATCH($A14,'Harga Bahan'!$A$5:$A$200,0)),INDEX('Harga Upah'!$C$5:$C$200,MATCH($A14,'Harga Upah'!$A$5:$A$200,0))) -> OH | D14: 0.75 | E14: =IF(LEFT($A14,1)="B",INDEX('Harga Bahan'!$D$5:$D$200,MATCH($A14,'Harga Bahan'!$A$5:$A$200,0)),INDEX('Harga Upah'!$D$5:$D$200,MATCH($A14,'Harga Upah'!$A$5:$A$200,0))) -> 130000 | F14: =D14*E14 -> 97500 | G14: Upah
A15: U-07 | B15: =IF(LEFT($A15,1)="B",INDEX('Harga Bahan'!$B$5:$B$200,MATCH($A15,'Harga Bahan'!$A$5:$A$200,0)),INDEX('Harga Upah'!$B$5:$B$200,MATCH($A15,'Harga Upah'!$A$5:$A$200,0))) -> Mandor | C15: =IF(LEFT($A15,1)="B",INDEX('Harga Bahan'!$C$5:$C$200,MATCH($A15,'Harga Bahan'!$A$5:$A$200,0)),INDEX('Harga Upah'!$C$5:$C$200,MATCH($A15,'Harga Upah'!$A$5:$A$200,0))) -> OH | D15: 0.025 | E15: =IF(LEFT($A15,1)="B",INDEX('Harga Bahan'!$D$5:$D$200,MATCH($A15,'Harga Bahan'!$A$5:$A$200,0)),INDEX('Harga Upah'!$D$5:$D$200,MATCH($A15,'Harga Upah'!$A$5:$A$200,0))) -> 190000 | F15: =D15*E15 -> 4750 | G15: Upah
B16: Jumlah harga bahan | F16: =SUMIF(G14:G15,"Bahan",F14:F15) -> 0
B17: Jumlah harga upah | F17: =SUMIF(G14:G15,"Upah",F14:F15) -> 102250
B18: ="Overhead & profit ("&TEXT('Informasi Project'!$B$16,"0.0%")&")" -> Overhead & profit (15.0%) | F18: =(F16+F17)*'Informasi Project'!$B$16 -> 15337.5
B19: HARGA SATUAN PEKERJAAN | F19: =F16+F17+F18 -> 117587.5
A21: A.3 | B21: Urugan pasir bawah pondasi | C21: m³ | E21: Harga satuan: | F21: =F28 -> 405835
A22: B-02 | B22: =IF(LEFT($A22,1)="B",INDEX('Harga Bahan'!$B$5:$B$200,MATCH($A22,'Harga Bahan'!$A$5:$A$200,0)),INDEX('Harga Upah'!$B$5:$B$200,MATCH($A22,'Harga Upah'!$A$5:$A$200,0))) -> Pasir pasang | C22: =IF(LEFT($A22,1)="B",INDEX('Harga Bahan'!$C$5:$C$200,MATCH($A22,'Harga Bahan'!$A$5:$A$200,0)),INDEX('Harga Upah'!$C$5:$C$200,MATCH($A22,'Harga Upah'!$A$5:$A$200,0))) -> m³ | D22: 1.2 | E22: =IF(LEFT($A22,1)="B",INDEX('Harga Bahan'!$D$5:$D$200,MATCH($A22,'Harga Bahan'!$A$5:$A$200,0)),INDEX('Harga Upah'!$D$5:$D$200,MATCH($A22,'Harga Upah'!$A$5:$A$200,0))) -> 260000 | F22: =D22*E22 -> 312000 | G22: Bahan
A23: U-01 | B23: =IF(LEFT($A23,1)="B",INDEX('Harga Bahan'!$B$5:$B$200,MATCH($A23,'Harga Bahan'!$A$5:$A$200,0)),INDEX('Harga Upah'!$B$5:$B$200,MATCH($A23,'Harga Upah'!$A$5:$A$200,0))) -> Pekerja | C23: =IF(LEFT($A23,1)="B",INDEX('Harga Bahan'!$C$5:$C$200,MATCH($A23,'Harga Bahan'!$A$5:$A$200,0)),INDEX('Harga Upah'!$C$5:$C$200,MATCH($A23,'Harga Upah'!$A$5:$A$200,0))) -> OH | D23: 0.3 | E23: =IF(LEFT($A23,1)="B",INDEX('Harga Bahan'!$D$5:$D$200,MATCH($A23,'Harga Bahan'!$A$5:$A$200,0)),INDEX('Harga Upah'!$D$5:$D$200,MATCH($A23,'Harga Upah'!$A$5:$A$200,0))) -> 130000 | F23: =D23*E23 -> 39000 | G23: Upah
A24: U-07 | B24: =IF(LEFT($A24,1)="B",INDEX('Harga Bahan'!$B$5:$B$200,MATCH($A24,'Harga Bahan'!$A$5:$A$200,0)),INDEX('Harga Upah'!$B$5:$B$200,MATCH($A24,'Harga Upah'!$A$5:$A$200,0))) -> Mandor | C24: =IF(LEFT($A24,1)="B",INDEX('Harga Bahan'!$C$5:$C$200,MATCH($A24,'Harga Bahan'!$A$5:$A$200,0)),INDEX('Harga Upah'!$C$5:$C$200,MATCH($A24,'Harga Upah'!$A$5:$A$200,0))) -> OH | D24: 0.01 | E24: =IF(LEFT($A24,1)="B",INDEX('Harga Bahan'!$D$5:$D$200,MATCH($A24,'Harga Bahan'!$A$5:$A$200,0)),INDEX('Harga Upah'!$D$5:$D$200,MATCH($A24,'Harga Upah'!$A$5:$A$200,0))) -> 190000 | F24: =D24*E24 -> 1900 | G24: Upah
B25: Jumlah harga bahan | F25: =SUMIF(G22:G24,"Bahan",F22:F24) -> 312000
B26: Jumlah harga upah | F26: =SUMIF(G22:G24,"Upah",F22:F24) -> 40900
B27: ="Overhead & profit ("&TEXT('Informasi Project'!$B$16,"0.0%")&")" -> Overhead & profit (15.0%) | F27: =(F25+F26)*'Informasi Project'!$B$16 -> 52935
B28: HARGA SATUAN PEKERJAAN | F28: =F25+F26+F27 -> 405835
A30: B.1 | B30: Pondasi batu kali campuran 1 PC : 5 PS | C30: m³ | E30: Harga satuan: | F30: =F41 -> 1207413.8
A31: B-05 | B31: =IF(LEFT($A31,1)="B",INDEX('Harga Bahan'!$B$5:$B$200,MATCH($A31,'Harga Bahan'!$A$5:$A$200,0)),INDEX('Harga Upah'!$B$5:$B$200,MATCH($A31,'Harga Upah'!$A$5:$A$200,0))) -> Batu kali belah | C31: =IF(LEFT($A31,1)="B",INDEX('Harga Bahan'!$C$5:$C$200,MATCH($A31,'Harga Bahan'!$A$5:$A$200,0)),INDEX('Harga Upah'!$C$5:$C$200,MATCH($A31,'Harga Upah'!$A$5:$A$200,0))) -> m³ | D31: 1.2 | E31: =IF(LEFT($A31,1)="B",INDEX('Harga Bahan'!$D$5:$D$200,MATCH($A31,'Harga Bahan'!$A$5:$A$200,0)),INDEX('Harga Upah'!$D$5:$D$200,MATCH($A31,'Harga Upah'!$A$5:$A$200,0))) -> 280000 | F31: =D31*E31 -> 336000 | G31: Bahan
A32: B-01 | B32: =IF(LEFT($A32,1)="B",INDEX('Harga Bahan'!$B$5:$B$200,MATCH($A32,'Harga Bahan'!$A$5:$A$200,0)),INDEX('Harga Upah'!$B$5:$B$200,MATCH($A32,'Harga Upah'!$A$5:$A$200,0))) -> Semen Portland (PC) | C32: =IF(LEFT($A32,1)="B",INDEX('Harga Bahan'!$C$5:$C$200,MATCH($A32,'Harga Bahan'!$A$5:$A$200,0)),INDEX('Harga Upah'!$C$5:$C$200,MATCH($A32,'Harga Upah'!$A$5:$A$200,0))) -> kg | D32: 163 | E32: =IF(LEFT($A32,1)="B",INDEX('Harga Bahan'!$D$5:$D$200,MATCH($A32,'Harga Bahan'!$A$5:$A$200,0)),INDEX('Harga Upah'!$D$5:$D$200,MATCH($A32,'Harga Upah'!$A$5:$A$200,0))) -> 1450 | F32: =D32*E32 -> 236350 | G32: Bahan
A33: B-02 | B33: =IF(LEFT($A33,1)="B",INDEX('Harga Bahan'!$B$5:$B$200,MATCH($A33,'Harga Bahan'!$A$5:$A$200,0)),INDEX('Harga Upah'!$B$5:$B$200,MATCH($A33,'Harga Upah'!$A$5:$A$200,0))) -> Pasir pasang | C33: =IF(LEFT($A33,1)="B",INDEX('Harga Bahan'!$C$5:$C$200,MATCH($A33,'Harga Bahan'!$A$5:$A$200,0)),INDEX('Harga Upah'!$C$5:$C$200,MATCH($A33,'Harga Upah'!$A$5:$A$200,0))) -> m³ | D33: 0.52 | E33: =IF(LEFT($A33,1)="B",INDEX('Harga Bahan'!$D$5:$D$200,MATCH($A33,'Harga Bahan'!$A$5:$A$200,0)),INDEX('Harga Upah'!$D$5:$D$200,MATCH($A33,'Harga Upah'!$A$5:$A$200,0))) -> 260000 | F33: =D33*E33 -> 135200 | G33: Bahan
A34: U-01 | B34: =IF(LEFT($A34,1)="B",INDEX('Harga Bahan'!$B$5:$B$200,MATCH($A34,'Harga Bahan'!$A$5:$A$200,0)),INDEX('Harga Upah'!$B$5:$B$200,MATCH($A34,'Harga Upah'!$A$5:$A$200,0))) -> Pekerja | C34: =IF(LEFT($A34,1)="B",INDEX('Harga Bahan'!$C$5:$C$200,MATCH($A34,'Harga Bahan'!$A$5:$A$200,0)),INDEX('Harga Upah'!$C$5:$C$200,MATCH($A34,'Harga Upah'!$A$5:$A$200,0))) -> OH | D34: 1.5 | E34: =IF(LEFT($A34,1)="B",INDEX('Harga Bahan'!$D$5:$D$200,MATCH($A34,'Harga Bahan'!$A$5:$A$200,0)),INDEX('Harga Upah'!$D$5:$D$200,MATCH($A34,'Harga Upah'!$A$5:$A$200,0))) -> 130000 | F34: =D34*E34 -> 195000 | G34: Upah
A35: U-02 | B35: =IF(LEFT($A35,1)="B",INDEX('Harga Bahan'!$B$5:$B$200,MATCH($A35,'Harga Bahan'!$A$5:$A$200,0)),INDEX('Harga Upah'!$B$5:$B$200,MATCH($A35,'Harga Upah'!$A$5:$A$200,0))) -> Tukang batu | C35: =IF(LEFT($A35,1)="B",INDEX('Harga Bahan'!$C$5:$C$200,MATCH($A35,'Harga Bahan'!$A$5:$A$200,0)),INDEX('Harga Upah'!$C$5:$C$200,MATCH($A35,'Harga Upah'!$A$5:$A$200,0))) -> OH | D35: 0.75 | E35: =IF(LEFT($A35,1)="B",INDEX('Harga Bahan'!$D$5:$D$200,MATCH($A35,'Harga Bahan'!$A$5:$A$200,0)),INDEX('Harga Upah'!$D$5:$D$200,MATCH($A35,'Harga Upah'!$A$5:$A$200,0))) -> 160000 | F35: =D35*E35 -> 120000 | G35: Upah
A36: U-06 | B36: =IF(LEFT($A36,1)="B",INDEX('Harga Bahan'!$B$5:$B$200,MATCH($A36,'Harga Bahan'!$A$5:$A$200,0)),INDEX('Harga Upah'!$B$5:$B$200,MATCH($A36,'Harga Upah'!$A$5:$A$200,0))) -> Kepala tukang | C36: =IF(LEFT($A36,1)="B",INDEX('Harga Bahan'!$C$5:$C$200,MATCH($A36,'Harga Bahan'!$A$5:$A$200,0)),INDEX('Harga Upah'!$C$5:$C$200,MATCH($A36,'Harga Upah'!$A$5:$A$200,0))) -> OH | D36: 0.075 | E36: =IF(LEFT($A36,1)="B",INDEX('Harga Bahan'!$D$5:$D$200,MATCH($A36,'Harga Bahan'!$A$5:$A$200,0)),INDEX('Harga Upah'!$D$5:$D$200,MATCH($A36,'Harga Upah'!$A$5:$A$200,0))) -> 175000 | F36: =D36*E36 -> 13125 | G36: Upah
A37: U-07 | B37: =IF(LEFT($A37,1)="B",INDEX('Harga Bahan'!$B$5:$B$200,MATCH($A37,'Harga Bahan'!$A$5:$A$200,0)),INDEX('Harga Upah'!$B$5:$B$200,MATCH($A37,'Harga Upah'!$A$5:$A$200,0))) -> Mandor | C37: =IF(LEFT($A37,1)="B",INDEX('Harga Bahan'!$C$5:$C$200,MATCH($A37,'Harga Bahan'!$A$5:$A$200,0)),INDEX('Harga Upah'!$C$5:$C$200,MATCH($A37,'Harga Upah'!$A$5:$A$200,0))) -> OH | D37: 0.075 | E37: =IF(LEFT($A37,1)="B",INDEX('Harga Bahan'!$D$5:$D$200,MATCH($A37,'Harga Bahan'!$A$5:$A$200,0)),INDEX('Harga Upah'!$D$5:$D$200,MATCH($A37,'Harga Upah'!$A$5:$A$200,0))) -> 190000 | F37: =D37*E37 -> 14250 | G37: Upah
B38: Jumlah harga bahan | F38: =SUMIF(G31:G37,"Bahan",F31:F37) -> 707550
B39: Jumlah harga upah | F39: =SUMIF(G31:G37,"Upah",F31:F37) -> 342375
B40: ="Overhead & profit ("&TEXT('Informasi Project'!$B$16,"0.0%")&")" -> Overhead & profit (15.0%) | F40: =(F38+F39)*'Informasi Project'!$B$16 -> 157488.75
B41: HARGA SATUAN PEKERJAAN | F41: =F38+F39+F40 -> 1207413.8
A43: B.2 | B43: Beton K-175 (1:2:3) sloof/kolom/ring balk | C43: m³ | E43: Harga satuan: | F43: =F55 -> 1364383
A44: B-01 | B44: =IF(LEFT($A44,1)="B",INDEX('Harga Bahan'!$B$5:$B$200,MATCH($A44,'Harga Bahan'!$A$5:$A$200,0)),INDEX('Harga Upah'!$B$5:$B$200,MATCH($A44,'Harga Upah'!$A$5:$A$200,0))) -> Semen Portland (PC) | C44: =IF(LEFT($A44,1)="B",INDEX('Harga Bahan'!$C$5:$C$200,MATCH($A44,'Harga Bahan'!$A$5:$A$200,0)),INDEX('Harga Upah'!$C$5:$C$200,MATCH($A44,'Harga Upah'!$A$5:$A$200,0))) -> kg | D44: 326 | E44: =IF(LEFT($A44,1)="B",INDEX('Harga Bahan'!$D$5:$D$200,MATCH($A44,'Harga Bahan'!$A$5:$A$200,0)),INDEX('Harga Upah'!$D$5:$D$200,MATCH($A44,'Harga Upah'!$A$5:$A$200,0))) -> 1450 | F44: =D44*E44 -> 472700 | G44: Bahan
A45: B-03 | B45: =IF(LEFT($A45,1)="B",INDEX('Harga Bahan'!$B$5:$B$200,MATCH($A45,'Harga Bahan'!$A$5:$A$200,0)),INDEX('Harga Upah'!$B$5:$B$200,MATCH($A45,'Harga Upah'!$A$5:$A$200,0))) -> Pasir beton | C45: =IF(LEFT($A45,1)="B",INDEX('Harga Bahan'!$C$5:$C$200,MATCH($A45,'Harga Bahan'!$A$5:$A$200,0)),INDEX('Harga Upah'!$C$5:$C$200,MATCH($A45,'Harga Upah'!$A$5:$A$200,0))) -> m³ | D45: 0.52 | E45: =IF(LEFT($A45,1)="B",INDEX('Harga Bahan'!$D$5:$D$200,MATCH($A45,'Harga Bahan'!$A$5:$A$200,0)),INDEX('Harga Upah'!$D$5:$D$200,MATCH($A45,'Harga Upah'!$A$5:$A$200,0))) -> 290000 | F45: =D45*E45 -> 150800 | G45: Bahan
A46: B-04 | B46: =IF(LEFT($A46,1)="B",INDEX('Harga Bahan'!$B$5:$B$200,MATCH($A46,'Harga Bahan'!$A$5:$A$200,0)),INDEX('Harga Upah'!$B$5:$B$200,MATCH($A46,'Harga Upah'!$A$5:$A$200,0))) -> Batu split / kerikil 2/3 | C46: =IF(LEFT($A46,1)="B",INDEX('Harga Bahan'!$C$5:$C$200,MATCH($A46,'Harga Bahan'!$A$5:$A$200,0)),INDEX('Harga Upah'!$C$5:$C$200,MATCH($A46,'Harga Upah'!$A$5:$A$200,0))) -> m³ | D46: 0.78 | E46: =IF(LEFT($A46,1)="B",INDEX('Harga Bahan'!$D$5:$D$200,MATCH($A46,'Harga Bahan'!$A$5:$A$200,0)),INDEX('Harga Upah'!$D$5:$D$200,MATCH($A46,'Harga Upah'!$A$5:$A$200,0))) -> 350000 | F46: =D46*E46 -> 273000 | G46: Bahan
A47: B-11 | B47: =IF(LEFT($A47,1)="B",INDEX('Harga Bahan'!$B$5:$B$200,MATCH($A47,'Harga Bahan'!$A$5:$A$200,0)),INDEX('Harga Upah'!$B$5:$B$200,MATCH($A47,'Harga Upah'!$A$5:$A$200,0))) -> Air kerja | C47: =IF(LEFT($A47,1)="B",INDEX('Harga Bahan'!$C$5:$C$200,MATCH($A47,'Harga Bahan'!$A$5:$A$200,0)),INDEX('Harga Upah'!$C$5:$C$200,MATCH($A47,'Harga Upah'!$A$5:$A$200,0))) -> liter | D47: 215 | E47: =IF(LEFT($A47,1)="B",INDEX('Harga Bahan'!$D$5:$D$200,MATCH($A47,'Harga Bahan'!$A$5:$A$200,0)),INDEX('Harga Upah'!$D$5:$D$200,MATCH($A47,'Harga Upah'!$A$5:$A$200,0))) -> 50 | F47: =D47*E47 -> 10750 | G47: Bahan
A48: U-01 | B48: =IF(LEFT($A48,1)="B",INDEX('Harga Bahan'!$B$5:$B$200,MATCH($A48,'Harga Bahan'!$A$5:$A$200,0)),INDEX('Harga Upah'!$B$5:$B$200,MATCH($A48,'Harga Upah'!$A$5:$A$200,0))) -> Pekerja | C48: =IF(LEFT($A48,1)="B",INDEX('Harga Bahan'!$C$5:$C$200,MATCH($A48,'Harga Bahan'!$A$5:$A$200,0)),INDEX('Harga Upah'!$C$5:$C$200,MATCH($A48,'Harga Upah'!$A$5:$A$200,0))) -> OH | D48: 1.65 | E48: =IF(LEFT($A48,1)="B",INDEX('Harga Bahan'!$D$5:$D$200,MATCH($A48,'Harga Bahan'!$A$5:$A$200,0)),INDEX('Harga Upah'!$D$5:$D$200,MATCH($A48,'Harga Upah'!$A$5:$A$200,0))) -> 130000 | F48: =D48*E48 -> 214500 | G48: Upah
A49: U-02 | B49: =IF(LEFT($A49,1)="B",INDEX('Harga Bahan'!$B$5:$B$200,MATCH($A49,'Harga Bahan'!$A$5:$A$200,0)),INDEX('Harga Upah'!$B$5:$B$200,MATCH($A49,'Harga Upah'!$A$5:$A$200,0))) -> Tukang batu | C49: =IF(LEFT($A49,1)="B",INDEX('Harga Bahan'!$C$5:$C$200,MATCH($A49,'Harga Bahan'!$A$5:$A$200,0)),INDEX('Harga Upah'!$C$5:$C$200,MATCH($A49,'Harga Upah'!$A$5:$A$200,0))) -> OH | D49: 0.275 | E49: =IF(LEFT($A49,1)="B",INDEX('Harga Bahan'!$D$5:$D$200,MATCH($A49,'Harga Bahan'!$A$5:$A$200,0)),INDEX('Harga Upah'!$D$5:$D$200,MATCH($A49,'Harga Upah'!$A$5:$A$200,0))) -> 160000 | F49: =D49*E49 -> 44000 | G49: Upah
A50: U-06 | B50: =IF(LEFT($A50,1)="B",INDEX('Harga Bahan'!$B$5:$B$200,MATCH($A50,'Harga Bahan'!$A$5:$A$200,0)),INDEX('Harga Upah'!$B$5:$B$200,MATCH($A50,'Harga Upah'!$A$5:$A$200,0))) -> Kepala tukang | C50: =IF(LEFT($A50,1)="B",INDEX('Harga Bahan'!$C$5:$C$200,MATCH($A50,'Harga Bahan'!$A$5:$A$200,0)),INDEX('Harga Upah'!$C$5:$C$200,MATCH($A50,'Harga Upah'!$A$5:$A$200,0))) -> OH | D50: 0.028 | E50: =IF(LEFT($A50,1)="B",INDEX('Harga Bahan'!$D$5:$D$200,MATCH($A50,'Harga Bahan'!$A$5:$A$200,0)),INDEX('Harga Upah'!$D$5:$D$200,MATCH($A50,'Harga Upah'!$A$5:$A$200,0))) -> 175000 | F50: =D50*E50 -> 4900 | G50: Upah
A51: U-07 | B51: =IF(LEFT($A51,1)="B",INDEX('Harga Bahan'!$B$5:$B$200,MATCH($A51,'Harga Bahan'!$A$5:$A$200,0)),INDEX('Harga Upah'!$B$5:$B$200,MATCH($A51,'Harga Upah'!$A$5:$A$200,0))) -> Mandor | C51: =IF(LEFT($A51,1)="B",INDEX('Harga Bahan'!$C$5:$C$200,MATCH($A51,'Harga Bahan'!$A$5:$A$200,0)),INDEX('Harga Upah'!$C$5:$C$200,MATCH($A51,'Harga Upah'!$A$5:$A$200,0))) -> OH | D51: 0.083 | E51: =IF(LEFT($A51,1)="B",INDEX('Harga Bahan'!$D$5:$D$200,MATCH($A51,'Harga Bahan'!$A$5:$A$200,0)),INDEX('Harga Upah'!$D$5:$D$200,MATCH($A51,'Harga Upah'!$A$5:$A$200,0))) -> 190000 | F51: =D51*E51 -> 15770 | G51: Upah
B52: Jumlah harga bahan | F52: =SUMIF(G44:G51,"Bahan",F44:F51) -> 907250
B53: Jumlah harga upah | F53: =SUMIF(G44:G51,"Upah",F44:F51) -> 279170
B54: ="Overhead & profit ("&TEXT('Informasi Project'!$B$16,"0.0%")&")" -> Overhead & profit (15.0%) | F54: =(F52+F53)*'Informasi Project'!$B$16 -> 177963
B55: HARGA SATUAN PEKERJAAN | F55: =F52+F53+F54 -> 1364383
A57: B.3 | B57: Pembesian dengan besi polos/ulir | C57: kg | E57: Harga satuan: | F57: =F67 -> 20416.525
A58: B-07 | B58: =IF(LEFT($A58,1)="B",INDEX('Harga Bahan'!$B$5:$B$200,MATCH($A58,'Harga Bahan'!$A$5:$A$200,0)),INDEX('Harga Upah'!$B$5:$B$200,MATCH($A58,'Harga Upah'!$A$5:$A$200,0))) -> Besi beton polos/ulir | C58: =IF(LEFT($A58,1)="B",INDEX('Harga Bahan'!$C$5:$C$200,MATCH($A58,'Harga Bahan'!$A$5:$A$200,0)),INDEX('Harga Upah'!$C$5:$C$200,MATCH($A58,'Harga Upah'!$A$5:$A$200,0))) -> kg | D58: 1.05 | E58: =IF(LEFT($A58,1)="B",INDEX('Harga Bahan'!$D$5:$D$200,MATCH($A58,'Harga Bahan'!$A$5:$A$200,0)),INDEX('Harga Upah'!$D$5:$D$200,MATCH($A58,'Harga Upah'!$A$5:$A$200,0))) -> 14500 | F58: =D58*E58 -> 15225 | G58: Bahan
A59: B-08 | B59: =IF(LEFT($A59,1)="B",INDEX('Harga Bahan'!$B$5:$B$200,MATCH($A59,'Harga Bahan'!$A$5:$A$200,0)),INDEX('Harga Upah'!$B$5:$B$200,MATCH($A59,'Harga Upah'!$A$5:$A$200,0))) -> Kawat beton (bendrat) | C59: =IF(LEFT($A59,1)="B",INDEX('Harga Bahan'!$C$5:$C$200,MATCH($A59,'Harga Bahan'!$A$5:$A$200,0)),INDEX('Harga Upah'!$C$5:$C$200,MATCH($A59,'Harga Upah'!$A$5:$A$200,0))) -> kg | D59: 0.015 | E59: =IF(LEFT($A59,1)="B",INDEX('Harga Bahan'!$D$5:$D$200,MATCH($A59,'Harga Bahan'!$A$5:$A$200,0)),INDEX('Harga Upah'!$D$5:$D$200,MATCH($A59,'Harga Upah'!$A$5:$A$200,0))) -> 20000 | F59: =D59*E59 -> 300 | G59: Bahan
A60: U-01 | B60: =IF(LEFT($A60,1)="B",INDEX('Harga Bahan'!$B$5:$B$200,MATCH($A60,'Harga Bahan'!$A$5:$A$200,0)),INDEX('Harga Upah'!$B$5:$B$200,MATCH($A60,'Harga Upah'!$A$5:$A$200,0))) -> Pekerja | C60: =IF(LEFT($A60,1)="B",INDEX('Harga Bahan'!$C$5:$C$200,MATCH($A60,'Harga Bahan'!$A$5:$A$200,0)),INDEX('Harga Upah'!$C$5:$C$200,MATCH($A60,'Harga Upah'!$A$5:$A$200,0))) -> OH | D60: 0.007 | E60: =IF(LEFT($A60,1)="B",INDEX('Harga Bahan'!$D$5:$D$200,MATCH($A60,'Harga Bahan'!$A$5:$A$200,0)),INDEX('Harga Upah'!$D$5:$D$200,MATCH($A60,'Harga Upah'!$A$5:$A$200,0))) -> 130000 | F60: =D60*E60 -> 910 | G60: Upah
A61: U-04 | B61: =IF(LEFT($A61,1)="B",INDEX('Harga Bahan'!$B$5:$B$200,MATCH($A61,'Harga Bahan'!$A$5:$A$200,0)),INDEX('Harga Upah'!$B$5:$B$200,MATCH($A61,'Harga Upah'!$A$5:$A$200,0))) -> Tukang besi | C61: =IF(LEFT($A61,1)="B",INDEX('Harga Bahan'!$C$5:$C$200,MATCH($A61,'Harga Bahan'!$A$5:$A$200,0)),INDEX('Harga Upah'!$C$5:$C$200,MATCH($A61,'Harga Upah'!$A$5:$A$200,0))) -> OH | D61: 0.007 | E61: =IF(LEFT($A61,1)="B",INDEX('Harga Bahan'!$D$5:$D$200,MATCH($A61,'Harga Bahan'!$A$5:$A$200,0)),INDEX('Harga Upah'!$D$5:$D$200,MATCH($A61,'Harga Upah'!$A$5:$A$200,0))) -> 160000 | F61: =D61*E61 -> 1120 | G61: Upah
A62: U-06 | B62: =IF(LEFT($A62,1)="B",INDEX('Harga Bahan'!$B$5:$B$200,MATCH($A62,'Harga Bahan'!$A$5:$A$200,0)),INDEX('Harga Upah'!$B$5:$B$200,MATCH($A62,'Harga Upah'!$A$5:$A$200,0))) -> Kepala tukang | C62: =IF(LEFT($A62,1)="B",INDEX('Harga Bahan'!$C$5:$C$200,MATCH($A62,'Harga Bahan'!$A$5:$A$200,0)),INDEX('Harga Upah'!$C$5:$C$200,MATCH($A62,'Harga Upah'!$A$5:$A$200,0))) -> OH | D62: 0.0007 | E62: =IF(LEFT($A62,1)="B",INDEX('Harga Bahan'!$D$5:$D$200,MATCH($A62,'Harga Bahan'!$A$5:$A$200,0)),INDEX('Harga Upah'!$D$5:$D$200,MATCH($A62,'Harga Upah'!$A$5:$A$200,0))) -> 175000 | F62: =D62*E62 -> 122.5 | G62: Upah
A63: U-07 | B63: =IF(LEFT($A63,1)="B",INDEX('Harga Bahan'!$B$5:$B$200,MATCH($A63,'Harga Bahan'!$A$5:$A$200,0)),INDEX('Harga Upah'!$B$5:$B$200,MATCH($A63,'Harga Upah'!$A$5:$A$200,0))) -> Mandor | C63: =IF(LEFT($A63,1)="B",INDEX('Harga Bahan'!$C$5:$C$200,MATCH($A63,'Harga Bahan'!$A$5:$A$200,0)),INDEX('Harga Upah'!$C$5:$C$200,MATCH($A63,'Harga Upah'!$A$5:$A$200,0))) -> OH | D63: 0.0004 | E63: =IF(LEFT($A63,1)="B",INDEX('Harga Bahan'!$D$5:$D$200,MATCH($A63,'Harga Bahan'!$A$5:$A$200,0)),INDEX('Harga Upah'!$D$5:$D$200,MATCH($A63,'Harga Upah'!$A$5:$A$200,0))) -> 190000 | F63: =D63*E63 -> 76 | G63: Upah
B64: Jumlah harga bahan | F64: =SUMIF(G58:G63,"Bahan",F58:F63) -> 15525
B65: Jumlah harga upah | F65: =SUMIF(G58:G63,"Upah",F58:F63) -> 2228.5
B66: ="Overhead & profit ("&TEXT('Informasi Project'!$B$16,"0.0%")&")" -> Overhead & profit (15.0%) | F66: =(F64+F65)*'Informasi Project'!$B$16 -> 2663.025
B67: HARGA SATUAN PEKERJAAN | F67: =F64+F65+F66 -> 20416.525
A69: B.4 | B69: Bekisting kolom/sloof (kayu) | C69: m² | E69: Harga satuan: | F69: =F79 -> 321413.5
A70: B-09 | B70: =IF(LEFT($A70,1)="B",INDEX('Harga Bahan'!$B$5:$B$200,MATCH($A70,'Harga Bahan'!$A$5:$A$200,0)),INDEX('Harga Upah'!$B$5:$B$200,MATCH($A70,'Harga Upah'!$A$5:$A$200,0))) -> Kayu kelas II/III (balok, usuk, reng) | C70: =IF(LEFT($A70,1)="B",INDEX('Harga Bahan'!$C$5:$C$200,MATCH($A70,'Harga Bahan'!$A$5:$A$200,0)),INDEX('Harga Upah'!$C$5:$C$200,MATCH($A70,'Harga Upah'!$A$5:$A$200,0))) -> m³ | D70: 0.04 | E70: =IF(LEFT($A70,1)="B",INDEX('Harga Bahan'!$D$5:$D$200,MATCH($A70,'Harga Bahan'!$A$5:$A$200,0)),INDEX('Harga Upah'!$D$5:$D$200,MATCH($A70,'Harga Upah'!$A$5:$A$200,0))) -> 3800000 | F70: =D70*E70 -> 152000 | G70: Bahan
A71: B-10 | B71: =IF(LEFT($A71,1)="B",INDEX('Harga Bahan'!$B$5:$B$200,MATCH($A71,'Harga Bahan'!$A$5:$A$200,0)),INDEX('Harga Upah'!$B$5:$B$200,MATCH($A71,'Harga Upah'!$A$5:$A$200,0))) -> Paku campuran | C71: =IF(LEFT($A71,1)="B",INDEX('Harga Bahan'!$C$5:$C$200,MATCH($A71,'Harga Bahan'!$A$5:$A$200,0)),INDEX('Harga Upah'!$C$5:$C$200,MATCH($A71,'Harga Upah'!$A$5:$A$200,0))) -> kg | D71: 0.4 | E71: =IF(LEFT($A71,1)="B",INDEX('Harga Bahan'!$D$5:$D$200,MATCH($A71,'Harga Bahan'!$A$5:$A$200,0)),INDEX('Harga Upah'!$D$5:$D$200,MATCH($A71,'Harga Upah'!$A$5:$A$200,0))) -> 22000 | F71: =D71*E71 -> 8800 | G71: Bahan
A72: U-01 | B72: =IF(LEFT($A72,1)="B",INDEX('Harga Bahan'!$B$5:$B$200,MATCH($A72,'Harga Bahan'!$A$5:$A$200,0)),INDEX('Harga Upah'!$B$5:$B$200,MATCH($A72,'Harga Upah'!$A$5:$A$200,0))) -> Pekerja | C72: =IF(LEFT($A72,1)="B",INDEX('Harga Bahan'!$C$5:$C$200,MATCH($A72,'Harga Bahan'!$A$5:$A$200,0)),INDEX('Harga Upah'!$C$5:$C$200,MATCH($A72,'Harga Upah'!$A$5:$A$200,0))) -> OH | D72: 0.52 | E72: =IF(LEFT($A72,1)="B",INDEX('Harga Bahan'!$D$5:$D$200,MATCH($A72,'Harga Bahan'!$A$5:$A$200,0)),INDEX('Harga Upah'!$D$5:$D$200,MATCH($A72,'Harga Upah'!$A$5:$A$200,0))) -> 130000 | F72: =D72*E72 -> 67600 | G72: Upah
A73: U-03 | B73: =IF(LEFT($A73,1)="B",INDEX('Harga Bahan'!$B$5:$B$200,MATCH($A73,'Harga Bahan'!$A$5:$A$200,0)),INDEX('Harga Upah'!$B$5:$B$200,MATCH($A73,'Harga Upah'!$A$5:$A$200,0))) -> Tukang kayu | C73: =IF(LEFT($A73,1)="B",INDEX('Harga Bahan'!$C$5:$C$200,MATCH($A73,'Harga Bahan'!$A$5:$A$200,0)),INDEX('Harga Upah'!$C$5:$C$200,MATCH($A73,'Harga Upah'!$A$5:$A$200,0))) -> OH | D73: 0.26 | E73: =IF(LEFT($A73,1)="B",INDEX('Harga Bahan'!$D$5:$D$200,MATCH($A73,'Harga Bahan'!$A$5:$A$200,0)),INDEX('Harga Upah'!$D$5:$D$200,MATCH($A73,'Harga Upah'!$A$5:$A$200,0))) -> 160000 | F73: =D73*E73 -> 41600 | G73: Upah
A74: U-06 | B74: =IF(LEFT($A74,1)="B",INDEX('Harga Bahan'!$B$5:$B$200,MATCH($A74,'Harga Bahan'!$A$5:$A$200,0)),INDEX('Harga Upah'!$B$5:$B$200,MATCH($A74,'Harga Upah'!$A$5:$A$200,0))) -> Kepala tukang | C74: =IF(LEFT($A74,1)="B",INDEX('Harga Bahan'!$C$5:$C$200,MATCH($A74,'Harga Bahan'!$A$5:$A$200,0)),INDEX('Harga Upah'!$C$5:$C$200,MATCH($A74,'Harga Upah'!$A$5:$A$200,0))) -> OH | D74: 0.026 | E74: =IF(LEFT($A74,1)="B",INDEX('Harga Bahan'!$D$5:$D$200,MATCH($A74,'Harga Bahan'!$A$5:$A$200,0)),INDEX('Harga Upah'!$D$5:$D$200,MATCH($A74,'Harga Upah'!$A$5:$A$200,0))) -> 175000 | F74: =D74*E74 -> 4550 | G74: Upah
A75: U-07 | B75: =IF(LEFT($A75,1)="B",INDEX('Harga Bahan'!$B$5:$B$200,MATCH($A75,'Harga Bahan'!$A$5:$A$200,0)),INDEX('Harga Upah'!$B$5:$B$200,MATCH($A75,'Harga Upah'!$A$5:$A$200,0))) -> Mandor | C75: =IF(LEFT($A75,1)="B",INDEX('Harga Bahan'!$C$5:$C$200,MATCH($A75,'Harga Bahan'!$A$5:$A$200,0)),INDEX('Harga Upah'!$C$5:$C$200,MATCH($A75,'Harga Upah'!$A$5:$A$200,0))) -> OH | D75: 0.026 | E75: =IF(LEFT($A75,1)="B",INDEX('Harga Bahan'!$D$5:$D$200,MATCH($A75,'Harga Bahan'!$A$5:$A$200,0)),INDEX('Harga Upah'!$D$5:$D$200,MATCH($A75,'Harga Upah'!$A$5:$A$200,0))) -> 190000 | F75: =D75*E75 -> 4940 | G75: Upah
B76: Jumlah harga bahan | F76: =SUMIF(G70:G75,"Bahan",F70:F75) -> 160800
B77: Jumlah harga upah | F77: =SUMIF(G70:G75,"Upah",F70:F75) -> 118690
B78: ="Overhead & profit ("&TEXT('Informasi Project'!$B$16,"0.0%")&")" -> Overhead & profit (15.0%) | F78: =(F76+F77)*'Informasi Project'!$B$16 -> 41923.5
B79: HARGA SATUAN PEKERJAAN | F79: =F76+F77+F78 -> 321413.5
A81: C.1 | B81: Pasangan dinding bata merah 1 PC : 4 PS | C81: m² | E81: Harga satuan: | F81: =F92 -> 173023.25
A82: B-06 | B82: =IF(LEFT($A82,1)="B",INDEX('Harga Bahan'!$B$5:$B$200,MATCH($A82,'Harga Bahan'!$A$5:$A$200,0)),INDEX('Harga Upah'!$B$5:$B$200,MATCH($A82,'Harga Upah'!$A$5:$A$200,0))) -> Batu bata merah | C82: =IF(LEFT($A82,1)="B",INDEX('Harga Bahan'!$C$5:$C$200,MATCH($A82,'Harga Bahan'!$A$5:$A$200,0)),INDEX('Harga Upah'!$C$5:$C$200,MATCH($A82,'Harga Upah'!$A$5:$A$200,0))) -> bh | D82: 70 | E82: =IF(LEFT($A82,1)="B",INDEX('Harga Bahan'!$D$5:$D$200,MATCH($A82,'Harga Bahan'!$A$5:$A$200,0)),INDEX('Harga Upah'!$D$5:$D$200,MATCH($A82,'Harga Upah'!$A$5:$A$200,0))) -> 900 | F82: =D82*E82 -> 63000 | G82: Bahan
A83: B-01 | B83: =IF(LEFT($A83,1)="B",INDEX('Harga Bahan'!$B$5:$B$200,MATCH($A83,'Harga Bahan'!$A$5:$A$200,0)),INDEX('Harga Upah'!$B$5:$B$200,MATCH($A83,'Harga Upah'!$A$5:$A$200,0))) -> Semen Portland (PC) | C83: =IF(LEFT($A83,1)="B",INDEX('Harga Bahan'!$C$5:$C$200,MATCH($A83,'Harga Bahan'!$A$5:$A$200,0)),INDEX('Harga Upah'!$C$5:$C$200,MATCH($A83,'Harga Upah'!$A$5:$A$200,0))) -> kg | D83: 11.5 | E83: =IF(LEFT($A83,1)="B",INDEX('Harga Bahan'!$D$5:$D$200,MATCH($A83,'Harga Bahan'!$A$5:$A$200,0)),INDEX('Harga Upah'!$D$5:$D$200,MATCH($A83,'Harga Upah'!$A$5:$A$200,0))) -> 1450 | F83: =D83*E83 -> 16675 | G83: Bahan
A84: B-02 | B84: =IF(LEFT($A84,1)="B",INDEX('Harga Bahan'!$B$5:$B$200,MATCH($A84,'Harga Bahan'!$A$5:$A$200,0)),INDEX('Harga Upah'!$B$5:$B$200,MATCH($A84,'Harga Upah'!$A$5:$A$200,0))) -> Pasir pasang | C84: =IF(LEFT($A84,1)="B",INDEX('Harga Bahan'!$C$5:$C$200,MATCH($A84,'Harga Bahan'!$A$5:$A$200,0)),INDEX('Harga Upah'!$C$5:$C$200,MATCH($A84,'Harga Upah'!$A$5:$A$200,0))) -> m³ | D84: 0.043 | E84: =IF(LEFT($A84,1)="B",INDEX('Harga Bahan'!$D$5:$D$200,MATCH($A84,'Harga Bahan'!$A$5:$A$200,0)),INDEX('Harga Upah'!$D$5:$D$200,MATCH($A84,'Harga Upah'!$A$5:$A$200,0))) -> 260000 | F84: =D84*E84 -> 11180 | G84: Bahan
A85: U-01 | B85: =IF(LEFT($A85,1)="B",INDEX('Harga Bahan'!$B$5:$B$200,MATCH($A85,'Harga Bahan'!$A$5:$A$200,0)),INDEX('Harga Upah'!$B$5:$B$200,MATCH($A85,'Harga Upah'!$A$5:$A$200,0))) -> Pekerja | C85: =IF(LEFT($A85,1)="B",INDEX('Harga Bahan'!$C$5:$C$200,MATCH($A85,'Harga Bahan'!$A$5:$A$200,0)),INDEX('Harga Upah'!$C$5:$C$200,MATCH($A85,'Harga Upah'!$A$5:$A$200,0))) -> OH | D85: 0.3 | E85: =IF(LEFT($A85,1)="B",INDEX('Harga Bahan'!$D$5:$D$200,MATCH($A85,'Harga Bahan'!$A$5:$A$200,0)),INDEX('Harga Upah'!$D$5:$D$200,MATCH($A85,'Harga Upah'!$A$5:$A$200,0))) -> 130000 | F85: =D85*E85 -> 39000 | G85: Upah
A86: U-02 | B86: =IF(LEFT($A86,1)="B",INDEX('Harga Bahan'!$B$5:$B$200,MATCH($A86,'Harga Bahan'!$A$5:$A$200,0)),INDEX('Harga Upah'!$B$5:$B$200,MATCH($A86,'Harga Upah'!$A$5:$A$200,0))) -> Tukang batu | C86: =IF(LEFT($A86,1)="B",INDEX('Harga Bahan'!$C$5:$C$200,MATCH($A86,'Harga Bahan'!$A$5:$A$200,0)),INDEX('Harga Upah'!$C$5:$C$200,MATCH($A86,'Harga Upah'!$A$5:$A$200,0))) -> OH | D86: 0.1 | E86: =IF(LEFT($A86,1)="B",INDEX('Harga Bahan'!$D$5:$D$200,MATCH($A86,'Harga Bahan'!$A$5:$A$200,0)),INDEX('Harga Upah'!$D$5:$D$200,MATCH($A86,'Harga Upah'!$A$5:$A$200,0))) -> 160000 | F86: =D86*E86 -> 16000 | G86: Upah
A87: U-06 | B87: =IF(LEFT($A87,1)="B",INDEX('Harga Bahan'!$B$5:$B$200,MATCH($A87,'Harga Bahan'!$A$5:$A$200,0)),INDEX('Harga Upah'!$B$5:$B$200,MATCH($A87,'Harga Upah'!$A$5:$A$200,0))) -> Kepala tukang | C87: =IF(LEFT($A87,1)="B",INDEX('Harga Bahan'!$C$5:$C$200,MATCH($A87,'Harga Bahan'!$A$5:$A$200,0)),INDEX('Harga Upah'!$C$5:$C$200,MATCH($A87,'Harga Upah'!$A$5:$A$200,0))) -> OH | D87: 0.01 | E87: =IF(LEFT($A87,1)="B",INDEX('Harga Bahan'!$D$5:$D$200,MATCH($A87,'Harga Bahan'!$A$5:$A$200,0)),INDEX('Harga Upah'!$D$5:$D$200,MATCH($A87,'Harga Upah'!$A$5:$A$200,0))) -> 175000 | F87: =D87*E87 -> 1750 | G87: Upah
A88: U-07 | B88: =IF(LEFT($A88,1)="B",INDEX('Harga Bahan'!$B$5:$B$200,MATCH($A88,'Harga Bahan'!$A$5:$A$200,0)),INDEX('Harga Upah'!$B$5:$B$200,MATCH($A88,'Harga Upah'!$A$5:$A$200,0))) -> Mandor | C88: =IF(LEFT($A88,1)="B",INDEX('Harga Bahan'!$C$5:$C$200,MATCH($A88,'Harga Bahan'!$A$5:$A$200,0)),INDEX('Harga Upah'!$C$5:$C$200,MATCH($A88,'Harga Upah'!$A$5:$A$200,0))) -> OH | D88: 0.015 | E88: =IF(LEFT($A88,1)="B",INDEX('Harga Bahan'!$D$5:$D$200,MATCH($A88,'Harga Bahan'!$A$5:$A$200,0)),INDEX('Harga Upah'!$D$5:$D$200,MATCH($A88,'Harga Upah'!$A$5:$A$200,0))) -> 190000 | F88: =D88*E88 -> 2850 | G88: Upah
B89: Jumlah harga bahan | F89: =SUMIF(G82:G88,"Bahan",F82:F88) -> 90855
B90: Jumlah harga upah | F90: =SUMIF(G82:G88,"Upah",F82:F88) -> 59600
B91: ="Overhead & profit ("&TEXT('Informasi Project'!$B$16,"0.0%")&")" -> Overhead & profit (15.0%) | F91: =(F89+F90)*'Informasi Project'!$B$16 -> 22568.25
B92: HARGA SATUAN PEKERJAAN | F92: =F89+F90+F91 -> 173023.25
A94: C.2 | B94: Plesteran 1 PC : 4 PS tebal 15 mm | C94: m² | E94: Harga satuan: | F94: =F104 -> 96327.45
A95: B-01 | B95: =IF(LEFT($A95,1)="B",INDEX('Harga Bahan'!$B$5:$B$200,MATCH($A95,'Harga Bahan'!$A$5:$A$200,0)),INDEX('Harga Upah'!$B$5:$B$200,MATCH($A95,'Harga Upah'!$A$5:$A$200,0))) -> Semen Portland (PC) | C95: =IF(LEFT($A95,1)="B",INDEX('Harga Bahan'!$C$5:$C$200,MATCH($A95,'Harga Bahan'!$A$5:$A$200,0)),INDEX('Harga Upah'!$C$5:$C$200,MATCH($A95,'Harga Upah'!$A$5:$A$200,0))) -> kg | D95: 6.24 | E95: =IF(LEFT($A95,1)="B",INDEX('Harga Bahan'!$D$5:$D$200,MATCH($A95,'Harga Bahan'!$A$5:$A$200,0)),INDEX('Harga Upah'!$D$5:$D$200,MATCH($A95,'Harga Upah'!$A$5:$A$200,0))) -> 1450 | F95: =D95*E95 -> 9048 | G95: Bahan
A96: B-02 | B96: =IF(LEFT($A96,1)="B",INDEX('Harga Bahan'!$B$5:$B$200,MATCH($A96,'Harga Bahan'!$A$5:$A$200,0)),INDEX('Harga Upah'!$B$5:$B$200,MATCH($A96,'Harga Upah'!$A$5:$A$200,0))) -> Pasir pasang | C96: =IF(LEFT($A96,1)="B",INDEX('Harga Bahan'!$C$5:$C$200,MATCH($A96,'Harga Bahan'!$A$5:$A$200,0)),INDEX('Harga Upah'!$C$5:$C$200,MATCH($A96,'Harga Upah'!$A$5:$A$200,0))) -> m³ | D96: 0.024 | E96: =IF(LEFT($A96,1)="B",INDEX('Harga Bahan'!$D$5:$D$200,MATCH($A96,'Harga Bahan'!$A$5:$A$200,0)),INDEX('Harga Upah'!$D$5:$D$200,MATCH($A96,'Harga Upah'!$A$5:$A$200,0))) -> 260000 | F96: =D96*E96 -> 6240 | G96: Bahan
A97: U-01 | B97: =IF(LEFT($A97,1)="B",INDEX('Harga Bahan'!$B$5:$B$200,MATCH($A97,'Harga Bahan'!$A$5:$A$200,0)),INDEX('Harga Upah'!$B$5:$B$200,MATCH($A97,'Harga Upah'!$A$5:$A$200,0))) -> Pekerja | C97: =IF(LEFT($A97,1)="B",INDEX('Harga Bahan'!$C$5:$C$200,MATCH($A97,'Harga Bahan'!$A$5:$A$200,0)),INDEX('Harga Upah'!$C$5:$C$200,MATCH($A97,'Harga Upah'!$A$5:$A$200,0))) -> OH | D97: 0.3 | E97: =IF(LEFT($A97,1)="B",INDEX('Harga Bahan'!$D$5:$D$200,MATCH($A97,'Harga Bahan'!$A$5:$A$200,0)),INDEX('Harga Upah'!$D$5:$D$200,MATCH($A97,'Harga Upah'!$A$5:$A$200,0))) -> 130000 | F97: =D97*E97 -> 39000 | G97: Upah
A98: U-02 | B98: =IF(LEFT($A98,1)="B",INDEX('Harga Bahan'!$B$5:$B$200,MATCH($A98,'Harga Bahan'!$A$5:$A$200,0)),INDEX('Harga Upah'!$B$5:$B$200,MATCH($A98,'Harga Upah'!$A$5:$A$200,0))) -> Tukang batu | C98: =IF(LEFT($A98,1)="B",INDEX('Harga Bahan'!$C$5:$C$200,MATCH($A98,'Harga Bahan'!$A$5:$A$200,0)),INDEX('Harga Upah'!$C$5:$C$200,MATCH($A98,'Harga Upah'!$A$5:$A$200,0))) -> OH | D98: 0.15 | E98: =IF(LEFT($A98,1)="B",INDEX('Harga Bahan'!$D$5:$D$200,MATCH($A98,'Harga Bahan'!$A$5:$A$200,0)),INDEX('Harga Upah'!$D$5:$D$200,MATCH($A98,'Harga Upah'!$A$5:$A$200,0))) -> 160000 | F98: =D98*E98 -> 24000 | G98: Upah
A99: U-06 | B99: =IF(LEFT($A99,1)="B",INDEX('Harga Bahan'!$B$5:$B$200,MATCH($A99,'Harga Bahan'!$A$5:$A$200,0)),INDEX('Harga Upah'!$B$5:$B$200,MATCH($A99,'Harga Upah'!$A$5:$A$200,0))) -> Kepala tukang | C99: =IF(LEFT($A99,1)="B",INDEX('Harga Bahan'!$C$5:$C$200,MATCH($A99,'Harga Bahan'!$A$5:$A$200,0)),INDEX('Harga Upah'!$C$5:$C$200,MATCH($A99,'Harga Upah'!$A$5:$A$200,0))) -> OH | D99: 0.015 | E99: =IF(LEFT($A99,1)="B",INDEX('Harga Bahan'!$D$5:$D$200,MATCH($A99,'Harga Bahan'!$A$5:$A$200,0)),INDEX('Harga Upah'!$D$5:$D$200,MATCH($A99,'Harga Upah'!$A$5:$A$200,0))) -> 175000 | F99: =D99*E99 -> 2625 | G99: Upah
A100: U-07 | B100: =IF(LEFT($A100,1)="B",INDEX('Harga Bahan'!$B$5:$B$200,MATCH($A100,'Harga Bahan'!$A$5:$A$200,0)),INDEX('Harga Upah'!$B$5:$B$200,MATCH($A100,'Harga Upah'!$A$5:$A$200,0))) -> Mandor | C100: =IF(LEFT($A100,1)="B",INDEX('Harga Bahan'!$C$5:$C$200,MATCH($A100,'Harga Bahan'!$A$5:$A$200,0)),INDEX('Harga Upah'!$C$5:$C$200,MATCH($A100,'Harga Upah'!$A$5:$A$200,0))) -> OH | D100: 0.015 | E100: =IF(LEFT($A100,1)="B",INDEX('Harga Bahan'!$D$5:$D$200,MATCH($A100,'Harga Bahan'!$A$5:$A$200,0)),INDEX('Harga Upah'!$D$5:$D$200,MATCH($A100,'Harga Upah'!$A$5:$A$200,0))) -> 190000 | F100: =D100*E100 -> 2850 | G100: Upah
B101: Jumlah harga bahan | F101: =SUMIF(G95:G100,"Bahan",F95:F100) -> 15288
B102: Jumlah harga upah | F102: =SUMIF(G95:G100,"Upah",F95:F100) -> 68475
B103: ="Overhead & profit ("&TEXT('Informasi Project'!$B$16,"0.0%")&")" -> Overhead & profit (15.0%) | F103: =(F101+F102)*'Informasi Project'!$B$16 -> 12564.45
B104: HARGA SATUAN PEKERJAAN | F104: =F101+F102+F103 -> 96327.45
A106: D.1 | B106: Rangka atap kayu & penutup genteng beton | C106: m² | E106: Harga satuan: | F106: =F117 -> 260245
A107: B-12 | B107: =IF(LEFT($A107,1)="B",INDEX('Harga Bahan'!$B$5:$B$200,MATCH($A107,'Harga Bahan'!$A$5:$A$200,0)),INDEX('Harga Upah'!$B$5:$B$200,MATCH($A107,'Harga Upah'!$A$5:$A$200,0))) -> Genteng beton | C107: =IF(LEFT($A107,1)="B",INDEX('Harga Bahan'!$C$5:$C$200,MATCH($A107,'Harga Bahan'!$A$5:$A$200,0)),INDEX('Harga Upah'!$C$5:$C$200,MATCH($A107,'Harga Upah'!$A$5:$A$200,0))) -> bh | D107: 11 | E107: =IF(LEFT($A107,1)="B",INDEX('Harga Bahan'!$D$5:$D$200,MATCH($A107,'Harga Bahan'!$A$5:$A$200,0)),INDEX('Harga Upah'!$D$5:$D$200,MATCH($A107,'Harga Upah'!$A$5:$A$200,0))) -> 7500 | F107: =D107*E107 -> 82500 | G107: Bahan
A108: B-09 | B108: =IF(LEFT($A108,1)="B",INDEX('Harga Bahan'!$B$5:$B$200,MATCH($A108,'Harga Bahan'!$A$5:$A$200,0)),INDEX('Harga Upah'!$B$5:$B$200,MATCH($A108,'Harga Upah'!$A$5:$A$200,0))) -> Kayu kelas II/III (balok, usuk, reng) | C108: =IF(LEFT($A108,1)="B",INDEX('Harga Bahan'!$C$5:$C$200,MATCH($A108,'Harga Bahan'!$A$5:$A$200,0)),INDEX('Harga Upah'!$C$5:$C$200,MATCH($A108,'Harga Upah'!$A$5:$A$200,0))) -> m³ | D108: 0.02 | E108: =IF(LEFT($A108,1)="B",INDEX('Harga Bahan'!$D$5:$D$200,MATCH($A108,'Harga Bahan'!$A$5:$A$200,0)),INDEX('Harga Upah'!$D$5:$D$200,MATCH($A108,'Harga Upah'!$A$5:$A$200,0))) -> 3800000 | F108: =D108*E108 -> 76000 | G108: Bahan
A109: B-10 | B109: =IF(LEFT($A109,1)="B",INDEX('Harga Bahan'!$B$5:$B$200,MATCH($A109,'Harga Bahan'!$A$5:$A$200,0)),INDEX('Harga Upah'!$B$5:$B$200,MATCH($A109,'Harga Upah'!$A$5:$A$200,0))) -> Paku campuran | C109: =IF(LEFT($A109,1)="B",INDEX('Harga Bahan'!$C$5:$C$200,MATCH($A109,'Harga Bahan'!$A$5:$A$200,0)),INDEX('Harga Upah'!$C$5:$C$200,MATCH($A109,'Harga Upah'!$A$5:$A$200,0))) -> kg | D109: 0.2 | E109: =IF(LEFT($A109,1)="B",INDEX('Harga Bahan'!$D$5:$D$200,MATCH($A109,'Harga Bahan'!$A$5:$A$200,0)),INDEX('Harga Upah'!$D$5:$D$200,MATCH($A109,'Harga Upah'!$A$5:$A$200,0))) -> 22000 | F109: =D109*E109 -> 4400 | G109: Bahan
A110: U-01 | B110: =IF(LEFT($A110,1)="B",INDEX('Harga Bahan'!$B$5:$B$200,MATCH($A110,'Harga Bahan'!$A$5:$A$200,0)),INDEX('Harga Upah'!$B$5:$B$200,MATCH($A110,'Harga Upah'!$A$5:$A$200,0))) -> Pekerja | C110: =IF(LEFT($A110,1)="B",INDEX('Harga Bahan'!$C$5:$C$200,MATCH($A110,'Harga Bahan'!$A$5:$A$200,0)),INDEX('Harga Upah'!$C$5:$C$200,MATCH($A110,'Harga Upah'!$A$5:$A$200,0))) -> OH | D110: 0.2 | E110: =IF(LEFT($A110,1)="B",INDEX('Harga Bahan'!$D$5:$D$200,MATCH($A110,'Harga Bahan'!$A$5:$A$200,0)),INDEX('Harga Upah'!$D$5:$D$200,MATCH($A110,'Harga Upah'!$A$5:$A$200,0))) -> 130000 | F110: =D110*E110 -> 26000 | G110: Upah
...

Sheet Harga Bahan
A1: DAFTAR HARGA SATUAN BAHAN
A2: Sel biru = harga input (asumsi contoh, ganti dengan harga survei). Tambah baris baru di bawah bila perlu (rentang rumus lookup sampai baris 200).
A4: Kode | B4: Uraian | C4: Satuan | D4: Harga Satuan (Rp)
A5: B-01 | B5: Semen Portland (PC) | C5: kg | D5: 1450
A6: B-02 | B6: Pasir pasang | C6: m³ | D6: 260000
A7: B-03 | B7: Pasir beton | C7: m³ | D7: 290000
A8: B-04 | B8: Batu split / kerikil 2/3 | C8: m³ | D8: 350000
A9: B-05 | B9: Batu kali belah | C9: m³ | D9: 280000
A10: B-06 | B10: Batu bata merah | C10: bh | D10: 900
A11: B-07 | B11: Besi beton polos/ulir | C11: kg | D11: 14500
A12: B-08 | B12: Kawat beton (bendrat) | C12: kg | D12: 20000
A13: B-09 | B13: Kayu kelas II/III (balok, usuk, reng) | C13: m³ | D13: 3800000
A14: B-10 | B14: Paku campuran | C14: kg | D14: 22000
A15: B-11 | B15: Air kerja | C15: liter | D15: 50
A16: B-12 | B16: Genteng beton | C16: bh | D16: 7500
... A21: B-17 | B21: Tanah urug | C21: m³ | D21: 120000

Sheet Harga Upah
A1: DAFTAR HARGA SATUAN UPAH TENAGA KERJA
A2: Sel biru = harga input (asumsi contoh, ganti dengan harga survei). Tambah baris baru di bawah bila perlu (rentang rumus lookup sampai baris 200).
A4: Kode | B4: Uraian | C4: Satuan | D4: Harga Satuan (Rp)
A5: U-01 | B5: Pekerja | C5: OH | D5: 130000
A6: U-02 | B6: Tukang batu | C6: OH | D6: 160000
A7: U-03 | B7: Tukang kayu | C7: OH | D7: 160000
A8: U-04 | B8: Tukang besi | C8: OH | D8: 160000
A9: U-05 | B9: Tukang cat | C9: OH | D9: 160000
A10: U-06 | B10: Kepala tukang | C10: OH | D10: 175000
A11: U-07 | B11: Mandor | C11: OH | D11: 190000
