Workbook

Sheet Petunjuk
A1: RAB Kawasan Peternakan Ayam KUB Semi Umbaran 10.000 Ekor - Adeva Farm, Konawe Selatan
A2: Rencana Anggaran Biaya untuk gambar teknik GT-01 (kandang), GT-02 (kawasan, pagar), GT-03 (fasilitas). Oktober 2026.
A4: CARA MEMAKAI
A5: 1 | B5: Sel berwarna BIRU adalah input: harga dasar (sheet Harga Dasar), koefisien analisa (sheet AHSP), dan persentase di bawah.
A6: 2 | B6: Sel HIJAU mengambil angka dari sheet lain. Sel HITAM adalah rumus. Jangan menimpa rumus.
A7: 3 | B7: Ganti harga dasar dengan harga toko/penawaran setempat atau HSPK Kabupaten Konawe Selatan terbaru; seluruh RAB otomatis berubah.
A8: 4 | B8: Volume dihitung dari ukuran gambar (rumus di kolom Volume menunjukkan cara hitungnya).
A9: DASAR PERHITUNGAN
A10: • | B10: Koefisien analisa mengikuti pola AHSP Bidang Cipta Karya (Permen PUPR No. 8 Tahun 2023 dan SNI analisa harga satuan) untuk pekerjaan manual, disederhanakan untuk bangunan kandang. Item yang tidak ada di AHSP (baja ringan, kawat, tirai, perlengkapan kandang) memakai analisa pasar.
A11: • | B11: Harga dasar upah dan bahan adalah PERKIRAAN Konawe Selatan/Kendari 2026, karena HSPK resmi Konawe Selatan 2026 tidak dapat diakses saat penyusunan. Rujukan: Perbup Konawe Selatan No. 85/2024 (HSPK), UMK Sultra 2026 Rp 3.306.496, Indeks Kemahalan Konstruksi Konawe Selatan 2025 = 91,52.
A12: • | B12: Bekisting dihitung dengan kayu dipakai ulang sekitar 3 kali (koefisien kayu lebih kecil dari AHSP standar).
A13: • | B13: Belum termasuk: pembelian lahan, perizinan (PBG/SLF, izin usaha), PPN, pengawasan konsultan, dan pengangkutan khusus ke lokasi yang sulit.
A14: KOMPONEN TAMBAHAN
B15: Biaya umum dan keuntungan pemborong (isi 0% bila swakelola/upah harian) | C15: 0.1
B16: Biaya tak terduga (dihitung di Rekap) | C16: 0.05

Sheet Rekap
A1: REKAPITULASI RAB KAWASAN PETERNAKAN AYAM KUB SEMI UMBARAN 10.000 EKOR
A2: Adeva Farm, Kabupaten Konawe Selatan · Oktober 2026 · harga perkiraan, wajib dicek dengan harga setempat
A4: No | B4: Uraian | C4: Jumlah unit | D4: Harga per unit (Rp) | E4: Jumlah (Rp) | F4: Porsi
A5: 1 | B5: Kandang postal semi umbaran 10 x 40 m (5 layer + 1 starter) | C5: 6 | D5: ='RAB Kandang'!$F$63 | E5: =C5*D5 | F5: =E5/E$19
A6: 2 | B6: Pos jaga | C6: 1 | D6: ='RAB Fasilitas'!$F$41 | E6: =C6*D6 | F6: =E6/E$19
A7: 3 | B7: Kantor | C7: 1 | D7: ='RAB Fasilitas'!$F$81 | E7: =C7*D7 | F7: =E7/E$19
A8: 4 | B8: Mes anak kandang | C8: 1 | D8: ='RAB Fasilitas'!$F$121 | E8: =C8*D8 | F8: =E8/E$19
A9: 5 | B9: Rumah telur (sortir & simpan) | C9: 1 | D9: ='RAB Fasilitas'!$F$159 | E9: =C9*D9 | F9: =E9/E$19
A10: 6 | B10: Rumah pakan (olah & campur) | C10: 1 | D10: ='RAB Fasilitas'!$F$199 | E10: =C10*D10 | F10: =E10/E$19
A11: 7 | B11: Gudang pakan jadi | C11: 1 | D11: ='RAB Fasilitas'!$F$233 | E11: =C11*D11 | F11: =E11/E$19
A12: 8 | B12: Gudang jagung | C12: 1 | D12: ='RAB Fasilitas'!$F$267 | E12: =C12*D12 | F12: =E12/E$19
A13: 9 | B13: Ruang ganti + celup kaki | C13: 1 | D13: ='RAB Fasilitas'!$F$305 | E13: =C13*D13 | F13: =E13/E$19
A14: 10 | B14: Rumah kompos | C14: 1 | D14: ='RAB Fasilitas'!$F$339 | E14: =C14*D14 | F14: =E14/E$19
A15: 11 | B15: Rumah maggot BSF | C15: 1 | D15: ='RAB Fasilitas'!$F$375 | E15: =C15*D15 | F15: =E15/E$19
A16: 12 | B16: Kandang karantina | C16: 1 | D16: ='RAB Fasilitas'!$F$413 | E16: =C16*D16 | F16: =E16/E$19
A17: 13 | B17: Pagar harmonika, gerbang, bak celup, umbaran | C17: 1 | D17: ='RAB Pagar Umbaran'!$F$33 | E17: =C17*D17 | F17: =E17/E$19
A18: 14 | B18: Utilitas: lahan, jalan, lantai jemur, air, embung, listrik | C18: 1 | D18: ='RAB Utilitas Lahan'!$F$41 | E18: =C18*D18 | F18: =E18/E$19
B19: JUMLAH | E19: =SUM(E5:E18)
B20: Biaya tak terduga | C20: =Petunjuk!$C$16 | E20: =E19*C20
B21: TOTAL BIAYA PEMBANGUNAN | E21: =E19+E20
B22: Dibulatkan | E22: =ROUNDUP(E21,-6)
B23: Opsional, tidak termasuk total: jembatan titian kayu 20 m ke lahan seberang sungai | E23: =20*ROUND('Harga Dasar'!$D$73*(1+Petunjuk!$C$15),-2)
B24: Biaya bangunan per ekor (10.000 ekor) | E24: =E21/10000
B25: Kandang saja per ekor (6 unit / 12.000 kapasitas) | E25: =6*'RAB Kandang'!$F$63/12000
B27: PILIHAN PENGHEMATAN (bila dana terbatas)
B28: 1. Bangun bertahap: tahap 1 = 3 kandang + gudang pakan + ruang ganti + pagar zona; tahap 2 = 3 kandang + fasilitas lain.
B29: 2. Lantai kandang tanah dipadatkan + kapur + sekam tebal (tanpa rabat beton) menghemat ±Rp 45 juta per kandang, tetapi lebih sulit dibersihkan.
B30: 3. Overstek atap 60 cm (bukan 100 cm) memangkas bidang atap ±8%.
B31: 4. Tiang pagar sekat umbaran memakai kayu ulin bekas / bambu awetan (umur 3-5 tahun) bila dana belum cukup.
B32: 5. Biaya umum & keuntungan 10% dapat menjadi 0% bila dikerjakan swakelola dengan tukang harian dan pengawasan sendiri.

Sheet Harga Dasar
A1: Harga Satuan Dasar Upah, Bahan dan Alat - perkiraan Kab. Konawe Selatan 2026
A2: Kolom Harga (biru) WAJIB dicek ke toko bangunan Andoolo/Kendari, pemasok, atau HSPK Kabupaten terbaru sebelum dipakai.
A4: Kode | B4: Uraian | C4: Satuan | D4: Harga (Rp) | E4: Catatan
A5: A. UPAH TENAGA KERJA (per orang-hari)
A6: L01 | B6: Pekerja | C6: OH | D6: 130000 | E6: UMK Sultra 2026 Rp 3.306.496 / ±25 hari kerja
A7: L02 | B7: Tukang (batu/kayu/besi/las) | C7: OH | D7: 165000 | E7: perkiraan ±1,25 x pekerja
A8: L03 | B8: Kepala tukang | C8: OH | D8: 180000 | E8: perkiraan
A9: L04 | B9: Mandor | C9: OH | D9: 195000 | E9: perkiraan
A10: B. BAHAN BANGUNAN
A11: M01 | B11: Semen Portland (zak 40 kg = Rp 62.000) | C11: kg | D11: 1550 | E11: Tonasa/Bosowa, harga toko
A12: M02 | B12: Pasir pasang / pasir beton | C12: m³ | D12: 250000 | E12: franco lokasi
A13: M03 | B13: Pasir urug | C13: m³ | D13: 200000
A14: M04 | B14: Kerikil / batu pecah 2/3 | C14: m³ | D14: 400000
A15: M05 | B15: Sirtu (pasir batu) | C15: m³ | D15: 180000 | E15: untuk jalan dan lantai kerja
A16: M06 | B16: Tanah urug (termasuk angkut) | C16: m³ | D16: 80000 | E16: bisa memakai tanah galian embung
A17: M07 | B17: Batu bata merah | C17: bh | D17: 1000
A18: M08 | B18: Besi beton polos/ulir | C18: kg | D18: 14000
A19: M09 | B19: Kawat bendrat | C19: kg | D19: 22000
A20: M10 | B20: Kayu kelas III (bekisting, papan) | C20: m³ | D20: 3500000
A21: M11 | B21: Kayu kelas II (kusen, rangka pintu kecil) | C21: m³ | D21: 5500000
A22: M12 | B22: Paku campur | C22: kg | D22: 24000
A23: M13 | B23: Minyak bekisting | C23: liter | D23: 10000
A24: M14 | B24: Kawat harmonika galvanis 1" BWG 16 (dinding kandang) | C24: m² | D24: 35000 | E24: anti burung liar
A25: M15 | B25: Kawat harmonika galvanis 2" BWG 12 (pagar) | C25: m² | D25: 30000
A26: M16 | B26: Kawat seling / besi Ø3 mm | C26: m | D26: 4000
A27: M17 | B27: Terpal A5 tirai | C27: m² | D27: 12000
A28: M18 | B28: Tali nilon 6 mm | C28: m | D28: 2500
A29: M19 | B29: Katrol tirai | C29: bh | D29: 25000
A30: M20 | B30: Pipa PVC 3/4" (4 m) | C30: btg | D30: 25000
A31: M21 | B31: Hollow galvanis 40x40x1,2 (6 m) | C31: btg | D31: 140000
A32: M22 | B32: Hollow galvanis 50x50x1,6 (6 m) | C32: btg | D32: 230000 | E32: gerbang
A33: M23 | B33: Plat galvalum 0,4 mm | C33: m² | D33: 75000
A34: M24 | B34: Engsel 4" | C34: bh | D34: 35000
A35: M25 | B35: Grendel + kunci | C35: bh | D35: 30000
A36: M26 | B36: Cat besi / meni | C36: kg | D36: 70000
A37: M27 | B37: Cat dasar tembok | C37: kg | D37: 30000
A38: M28 | B38: Cat tembok eksterior | C38: kg | D38: 35000
A39: M29 | B39: Baja ringan C75.75 (6 m) | C39: btg | D39: 105000 | E39: G550 AZ100
A40: M30 | B40: Reng baja ringan U30.45 (6 m) | C40: btg | D40: 50000
A41: M31 | B41: Sekrup baja ringan / atap | C41: bh | D41: 300
A42: M32 | B42: Dynabolt M10 | C42: bh | D42: 8000
A43: M33 | B43: Galvalum spandek 0,30 TCT AZ100 | C43: m² | D43: 70000
A44: M34 | B44: Nok / bubungan galvalum | C44: m | D44: 45000
A45: M35 | B45: Flashing / lisplang galvalum | C45: m | D45: 40000
A46: M36 | B46: Papan GRC 4 mm 120x240 | C46: lbr | D46: 75000 | E46: plafon kantor
A47: M37 | B47: Keramik 40x40 | C47: bh | D47: 9200 | E47: ±Rp 55.000 per dus 1 m²
A48: M38 | B48: Semen warna / nat | C48: kg | D48: 15000
A49: M39 | B49: Tiang beton pracetak 10x10x240, 4Ø6 | C49: bh | D49: 85000 | E49: boleh dicor sendiri
A50: M40 | B50: Wiremesh M8 (2,1 x 5,4 m) | C50: lbr | D50: 650000
A51: M41 | B51: Pipa PVC 3" (4 m) | C51: btg | D51: 175000
A52: M42 | B52: Kasa nyamuk | C52: m² | D52: 15000 | E52: unit BSF
A53: M43 | B53: Bibit pohon peneduh (lamtoro/indigofera/gamal/mangga) | C53: bh | D53: 15000
A54: M44 | B54: Bronjong bambu pelindung bibit | C54: bh | D54: 10000
A55: M45 | B55: Bibit rumput / stek per m² | C55: m² | D55: 1500
A56: M46 | B56: Stek lamtoro/gamal pagar hidup | C56: bh | D56: 500
A57: C. PERLENGKAPAN DAN PEKERJAAN BORONGAN (bahan + pasang)
A58: P01 | B58: Tempat pakan gantung 8 kg | C58: bh | D58: 45000
A59: P02 | B59: Tempat minum galon 5 liter | C59: bh | D59: 35000
A60: P03 | B60: Titik lampu LED 15 W + kabel + saklar | C60: titik | D60: 275000
A61: P04 | B61: Titik stop kontak / daya mesin | C61: titik | D61: 350000
A62: P05 | B62: Pintu panel kayu + kusen 90x210 terpasang | C62: unit | D62: 1750000
A63: P06 | B63: Jendela kusen aluminium + kaca | C63: m² | D63: 450000
A64: P07 | B64: Kloset jongkok + perlengkapan KM | C64: unit | D64: 650000
A65: P08 | B65: Septic tank biofil 1 m³ terpasang | C65: unit | D65: 3500000
A66: P09 | B66: Tandon air 2.200 liter | C66: bh | D66: 3200000
A67: P10 | B67: Pengeboran sumur Ø4" termasuk casing PVC | C67: m | D67: 300000
A68: P11 | B68: Pompa submersible 1 HP + panel | C68: unit | D68: 7500000
A69: P12 | B69: Pompa air sungai 3" mesin 6,5 HP | C69: unit | D69: 4500000
... A73: P16 | B73: Jembatan titian kayu lebar 1,5 m (opsional) | C73: m | D73: 1250000
A74: P17 | B74: Bangunan rumah pompa sederhana (bata, atap galvalum, lantai beton) | C74: m² | D74: 2200000 | E74: perkiraan per m² lantai
A75: D. ALAT
A76: E01 | B76: Sewa excavator PC-100 termasuk operator dan BBM | C76: jam | D76: 450000

Sheet AHSP
A1: Analisa Harga Satuan Pekerjaan (pola AHSP PUPR)
A2: Koefisien biru boleh disesuaikan. Harga satuan = (upah + bahan + alat) x (1 + biaya umum & keuntungan di sheet Petunjuk).
A4: A.1 | B4: Perataan lokasi bangunan dan peil | C4: m² | D4: Koefisien | E4: Harga dasar | F4: Jumlah (Rp)
A5: L01 | B5: Pekerja | C5: OH | D5: 0.05 | E5: ='Harga Dasar'!$D$6 | F5: =D5*E5
A6: L04 | B6: Mandor | C6: OH | D6: 0.005 | E6: ='Harga Dasar'!$D$9 | F6: =D6*E6
B7: Jumlah upah + bahan + alat | F7: =SUM(F5:F6)
B8: Biaya umum dan keuntungan | F8: =F7*Petunjuk!$C$15
B9: HARGA SATUAN PEKERJAAN per m² | F9: =ROUND(F7+F8,-2)
A11: A.2 | B11: Pengukuran dan pemasangan bouwplank | C11: m' | D11: Koefisien | E11: Harga dasar | F11: Jumlah (Rp)
A12: L01 | B12: Pekerja | C12: OH | D12: 0.1 | E12: ='Harga Dasar'!$D$6 | F12: =D12*E12
A13: L02 | B13: Tukang (batu/kayu/besi/las) | C13: OH | D13: 0.1 | E13: ='Harga Dasar'!$D$7 | F13: =D13*E13
A14: L03 | B14: Kepala tukang | C14: OH | D14: 0.01 | E14: ='Harga Dasar'!$D$8 | F14: =D14*E14
A15: L04 | B15: Mandor | C15: OH | D15: 0.005 | E15: ='Harga Dasar'!$D$9 | F15: =D15*E15
A16: M10 | B16: Kayu kelas III (bekisting, papan) | C16: m³ | D16: 0.012 | E16: ='Harga Dasar'!$D$20 | F16: =D16*E16
A17: M12 | B17: Paku campur | C17: kg | D17: 0.02 | E17: ='Harga Dasar'!$D$22 | F17: =D17*E17
B18: Jumlah upah + bahan + alat | F18: =SUM(F12:F17)
B19: Biaya umum dan keuntungan | F19: =F18*Petunjuk!$C$15
B20: HARGA SATUAN PEKERJAAN per m' | F20: =ROUND(F18+F19,-2)
A22: A.3 | B22: Galian tanah biasa sedalam s.d. 1 m | C22: m³ | D22: Koefisien | E22: Harga dasar | F22: Jumlah (Rp)
A23: L01 | B23: Pekerja | C23: OH | D23: 0.75 | E23: ='Harga Dasar'!$D$6 | F23: =D23*E23
A24: L04 | B24: Mandor | C24: OH | D24: 0.025 | E24: ='Harga Dasar'!$D$9 | F24: =D24*E24
B25: Jumlah upah + bahan + alat | F25: =SUM(F23:F24)
B26: Biaya umum dan keuntungan | F26: =F25*Petunjuk!$C$15
B27: HARGA SATUAN PEKERJAAN per m³ | F27: =ROUND(F25+F26,-2)
A29: A.4 | B29: Urugan kembali galian | C29: m³ | D29: Koefisien | E29: Harga dasar | F29: Jumlah (Rp)
A30: L01 | B30: Pekerja | C30: OH | D30: 0.25 | E30: ='Harga Dasar'!$D$6 | F30: =D30*E30
A31: L04 | B31: Mandor | C31: OH | D31: 0.008 | E31: ='Harga Dasar'!$D$9 | F31: =D31*E31
B32: Jumlah upah + bahan + alat | F32: =SUM(F30:F31)
B33: Biaya umum dan keuntungan | F33: =F32*Petunjuk!$C$15
B34: HARGA SATUAN PEKERJAAN per m³ | F34: =ROUND(F32+F33,-2)
A36: A.5 | B36: Urugan tanah peninggian dipadatkan | C36: m³ | D36: Koefisien | E36: Harga dasar | F36: Jumlah (Rp)
A37: M06 | B37: Tanah urug (termasuk angkut) | C37: m³ | D37: 1.2 | E37: ='Harga Dasar'!$D$16 | F37: =D37*E37
A38: L01 | B38: Pekerja | C38: OH | D38: 0.5 | E38: ='Harga Dasar'!$D$6 | F38: =D38*E38
A39: L04 | B39: Mandor | C39: OH | D39: 0.05 | E39: ='Harga Dasar'!$D$9 | F39: =D39*E39
B40: Jumlah upah + bahan + alat | F40: =SUM(F37:F39)
B41: Biaya umum dan keuntungan | F41: =F40*Petunjuk!$C$15
B42: HARGA SATUAN PEKERJAAN per m³ | F42: =ROUND(F40+F41,-2)
A44: A.6 | B44: Urugan pasir | C44: m³ | D44: Koefisien | E44: Harga dasar | F44: Jumlah (Rp)
A45: M03 | B45: Pasir urug | C45: m³ | D45: 1.2 | E45: ='Harga Dasar'!$D$13 | F45: =D45*E45
A46: L01 | B46: Pekerja | C46: OH | D46: 0.3 | E46: ='Harga Dasar'!$D$6 | F46: =D46*E46
A47: L04 | B47: Mandor | C47: OH | D47: 0.01 | E47: ='Harga Dasar'!$D$9 | F47: =D47*E47
B48: Jumlah upah + bahan + alat | F48: =SUM(F45:F47)
B49: Biaya umum dan keuntungan | F49: =F48*Petunjuk!$C$15
B50: HARGA SATUAN PEKERJAAN per m³ | F50: =ROUND(F48+F49,-2)
A52: A.7 | B52: Lapis sirtu dipadatkan | C52: m³ | D52: Koefisien | E52: Harga dasar | F52: Jumlah (Rp)
A53: M05 | B53: Sirtu (pasir batu) | C53: m³ | D53: 1.2 | E53: ='Harga Dasar'!$D$15 | F53: =D53*E53
A54: L01 | B54: Pekerja | C54: OH | D54: 0.25 | E54: ='Harga Dasar'!$D$6 | F54: =D54*E54
A55: L04 | B55: Mandor | C55: OH | D55: 0.025 | E55: ='Harga Dasar'!$D$9 | F55: =D55*E55
B56: Jumlah upah + bahan + alat | F56: =SUM(F53:F55)
B57: Biaya umum dan keuntungan | F57: =F56*Petunjuk!$C$15
B58: HARGA SATUAN PEKERJAAN per m³ | F58: =ROUND(F56+F57,-2)
A60: A.8 | B60: Pembersihan dan perataan lahan dengan excavator | C60: m² | D60: Koefisien | E60: Harga dasar | F60: Jumlah (Rp)
A61: E01 | B61: Sewa excavator PC-100 termasuk operator dan BBM | C61: jam | D61: 0.004 | E61: ='Harga Dasar'!$D$76 | F61: =D61*E61
A62: L01 | B62: Pekerja | C62: OH | D62: 0.005 | E62: ='Harga Dasar'!$D$6 | F62: =D62*E62
B63: Jumlah upah + bahan + alat | F63: =SUM(F61:F62)
B64: Biaya umum dan keuntungan | F64: =F63*Petunjuk!$C$15
B65: HARGA SATUAN PEKERJAAN per m² | F65: =ROUND(F63+F64,-2)
A67: A.9 | B67: Galian embung dengan excavator | C67: m³ | D67: Koefisien | E67: Harga dasar | F67: Jumlah (Rp)
A68: E01 | B68: Sewa excavator PC-100 termasuk operator dan BBM | C68: jam | D68: 0.025 | E68: ='Harga Dasar'!$D$76 | F68: =D68*E68
A69: L01 | B69: Pekerja | C69: OH | D69: 0.02 | E69: ='Harga Dasar'!$D$6 | F69: =D69*E69
A70: L04 | B70: Mandor | C70: OH | D70: 0.002 | E70: ='Harga Dasar'!$D$9 | F70: =D70*E70
B71: Jumlah upah + bahan + alat | F71: =SUM(F68:F70)
B72: Biaya umum dan keuntungan | F72: =F71*Petunjuk!$C$15
B73: HARGA SATUAN PEKERJAAN per m³ | F73: =ROUND(F71+F72,-2)
A75: A.10 | B75: Lapis kerikil garis tetesan atap / drainase | C75: m³ | D75: Koefisien | E75: Harga dasar | F75: Jumlah (Rp)
A76: M04 | B76: Kerikil / batu pecah 2/3 | C76: m³ | D76: 1.2 | E76: ='Harga Dasar'!$D$14 | F76: =D76*E76
A77: L01 | B77: Pekerja | C77: OH | D77: 0.3 | E77: ='Harga Dasar'!$D$6 | F77: =D77*E77
A78: L04 | B78: Mandor | C78: OH | D78: 0.01 | E78: ='Harga Dasar'!$D$9 | F78: =D78*E78
B79: Jumlah upah + bahan + alat | F79: =SUM(F76:F78)
B80: Biaya umum dan keuntungan | F80: =F79*Petunjuk!$C$15
B81: HARGA SATUAN PEKERJAAN per m³ | F81: =ROUND(F79+F80,-2)
A83: B.1 | B83: Beton K-100 (lantai kerja) | C83: m³ | D83: Koefisien | E83: Harga dasar | F83: Jumlah (Rp)
A84: M01 | B84: Semen Portland (zak 40 kg = Rp 62.000) | C84: kg | D84: 247 | E84: ='Harga Dasar'!$D$11 | F84: =D84*E84
A85: M02 | B85: Pasir pasang / pasir beton | C85: m³ | D85: 0.621 | E85: ='Harga Dasar'!$D$12 | F85: =D85*E85
A86: M04 | B86: Kerikil / batu pecah 2/3 | C86: m³ | D86: 0.74 | E86: ='Harga Dasar'!$D$14 | F86: =D86*E86
A87: L01 | B87: Pekerja | C87: OH | D87: 1.65 | E87: ='Harga Dasar'!$D$6 | F87: =D87*E87
A88: L02 | B88: Tukang (batu/kayu/besi/las) | C88: OH | D88: 0.275 | E88: ='Harga Dasar'!$D$7 | F88: =D88*E88
A89: L03 | B89: Kepala tukang | C89: OH | D89: 0.028 | E89: ='Harga Dasar'!$D$8 | F89: =D89*E89
A90: L04 | B90: Mandor | C90: OH | D90: 0.083 | E90: ='Harga Dasar'!$D$9 | F90: =D90*E90
B91: Jumlah upah + bahan + alat | F91: =SUM(F84:F90)
B92: Biaya umum dan keuntungan | F92: =F91*Petunjuk!$C$15
B93: HARGA SATUAN PEKERJAAN per m³ | F93: =ROUND(F91+F92,-2)
A95: B.2 | B95: Beton K-175 (lantai) | C95: m³ | D95: Koefisien | E95: Harga dasar | F95: Jumlah (Rp)
A96: M01 | B96: Semen Portland (zak 40 kg = Rp 62.000) | C96: kg | D96: 326 | E96: ='Harga Dasar'!$D$11 | F96: =D96*E96
A97: M02 | B97: Pasir pasang / pasir beton | C97: m³ | D97: 0.543 | E97: ='Harga Dasar'!$D$12 | F97: =D97*E97
A98: M04 | B98: Kerikil / batu pecah 2/3 | C98: m³ | D98: 0.762 | E98: ='Harga Dasar'!$D$14 | F98: =D98*E98
A99: L01 | B99: Pekerja | C99: OH | D99: 1.65 | E99: ='Harga Dasar'!$D$6 | F99: =D99*E99
A100: L02 | B100: Tukang (batu/kayu/besi/las) | C100: OH | D100: 0.275 | E100: ='Harga Dasar'!$D$7 | F100: =D100*E100
A101: L03 | B101: Kepala tukang | C101: OH | D101: 0.028 | E101: ='Harga Dasar'!$D$8 | F101: =D101*E101
A102: L04 | B102: Mandor | C102: OH | D102: 0.083 | E102: ='Harga Dasar'!$D$9 | F102: =D102*E102
B103: Jumlah upah + bahan + alat | F103: =SUM(F96:F102)
B104: Biaya umum dan keuntungan | F104: =F103*Petunjuk!$C$15
B105: HARGA SATUAN PEKERJAAN per m³ | F105: =ROUND(F103+F104,-2)
A107: B.3 | B107: Beton K-225 (footplat, kolom, sloof, ring balk) | C107: m³ | D107: Koefisien | E107: Harga dasar | F107: Jumlah (Rp)
A108: M01 | B108: Semen Portland (zak 40 kg = Rp 62.000) | C108: kg | D108: 371 | E108: ='Harga Dasar'!$D$11 | F108: =D108*E108
A109: M02 | B109: Pasir pasang / pasir beton | C109: m³ | D109: 0.499 | E109: ='Harga Dasar'!$D$12 | F109: =D109*E109
A110: M04 | B110: Kerikil / batu pecah 2/3 | C110: m³ | D110: 0.776 | E110: ='Harga Dasar'!$D$14 | F110: =D110*E110
A111: L01 | B111: Pekerja | C111: OH | D111: 1.65 | E111: ='Harga Dasar'!$D$6 | F111: =D111*E111
A112: L02 | B112: Tukang (batu/kayu/besi/las) | C112: OH | D112: 0.275 | E112: ='Harga Dasar'!$D$7 | F112: =D112*E112
A113: L03 | B113: Kepala tukang | C113: OH | D113: 0.028 | E113: ='Harga Dasar'!$D$8 | F113: =D113*E113
...

Sheet RAB Kandang
A1: RAB 1 unit kandang postal semi umbaran 10 x 40 m (2.000 ekor)
A2: Gambar GT-01 lembar K-01 s/d K-09. Kawasan memerlukan 6 unit (5 layer + 1 starter).
A4: No | B4: Uraian pekerjaan | C4: Volume | D4: Sat | E4: Harga satuan (Rp) | F4: Jumlah (Rp) | G4: Dasar volume (dari gambar)
B5: I. PEKERJAAN PERSIAPAN
A6: 1 | B6: Perataan lokasi kandang + teras 3 m dan peil | C6: =(40+6)*(10+6) | D6: m² | E6: =AHSP!$F$9 | F6: =C6*E6 | G6: (panjang + 6) x (lebar + 6)
A7: 2 | B7: Pengukuran dan bouwplank | C7: =2*(44+14) | D7: m' | E7: =AHSP!$F$20 | F7: =C7*E7 | G7: keliling bouwplank 2 m di luar as
B8: Jumlah pekerjaan persiapan | F8: =SUM(F6:F7)
B10: II. PEKERJAAN TANAH
A11: 1 | B11: Galian tanah pondasi footplat 100x100x70 | C11: =24*1*1*0.7 | D11: m³ | E11: =AHSP!$F$27 | F11: =C11*E11 | G11: 24 titik x 1 x 1 x 0,7
A12: 2 | B12: Galian dasar sloof | C12: =100*0.35*0.10 | D12: m³ | E12: =AHSP!$F$27 | F12: =C12*E12 | G12: keliling x 0,35 x 0,10
A13: 3 | B13: Urugan kembali galian footplat | C13: =24*(0.7-0.1985) | D13: m³ | E13: =AHSP!$F$34 | F13: =C13*E13 | G13: galian - (footplat + pedestal + lantai kerja + pasir)
A14: 4 | B14: Urugan tanah peninggian lantai dipadatkan t=18 | C14: =392.522*0.18 | D14: m³ | E14: =AHSP!$F$42 | F14: =C14*E14 | G14: luas dalam 39,85 x 9,85 x 0,18
A15: 5 | B15: Urugan pasir bawah lantai, footplat, sloof t=5 | C15: =392.522*0.05+24*1*1*0.05+100*0.25*0.05 | D15: m³ | E15: =AHSP!$F$50 | F15: =C15*E15 | G15: lantai + footplat + sloof
B16: Jumlah pekerjaan tanah | F16: =SUM(F11:F15)
B18: III. PEKERJAAN STRUKTUR BETON
A19: 1 | B19: Lantai kerja beton K-100 t=5 bawah footplat | C19: =24*0.9*0.9*0.05 | D19: m³ | E19: =AHSP!$F$93 | F19: =C19*E19 | G19: 24 x 0,9 x 0,9 x 0,05
A20: 2 | B20: Beton K-225 footplat P1 70x70x20 | C20: =24*0.7*0.7*0.2 | D20: m³ | E20: =AHSP!$F$117 | F20: =C20*E20 | G20: 24 x 0,7 x 0,7 x 0,2
A21: 3 | B21: Beton K-225 kolom K1 15/15 (pedestal + kolom, tinggi 3,20) | C21: =24*0.15*0.15*3.2 | D21: m³ | E21: =AHSP!$F$117 | F21: =C21*E21 | G21: 24 x 0,15 x 0,15 x 3,20
A22: 4 | B22: Beton K-225 sloof S1 15/25 | C22: =(100-24*0.15)*0.15*0.25 | D22: m³ | E22: =AHSP!$F$117 | F22: =C22*E22 | G22: (keliling - kolom) x 0,15 x 0,25
A23: 5 | B23: Beton K-225 ring balk RB 15/20 | C23: =(100-24*0.15)*0.15*0.2 | D23: m³ | E23: =AHSP!$F$117 | F23: =C23*E23 | G23: (keliling - kolom) x 0,15 x 0,20
A24: 6 | B24: Pembesian D10 dan Ø8 (footplat, kolom, sloof, ring balk) | C24: =24*4.44+24*13.8+(4*100*1.1*0.617+100/0.15*0.7*0.395)+(4*100*1.1*0.617+100/0.15*0.6*0.395) | D24: kg | E24: =AHSP!$F$128 | F24: =C24*E24 | G24: footplat 4,44 kg/bh; kolom 13,8 kg/bh; sloof & ring balk 4D10 + Ø8-150
A25: 7 | B25: Bekisting footplat, kolom, sloof, ring balk | C25: =24*4*0.7*0.2+24*4*0.15*3.2+2*(100-24*0.15)*0.25+(100-24*0.15)*(2*0.2+0.15) | D25: m² | E25: =AHSP!$F$140 | F25: =C25*E25 | G25: luas permukaan cetakan
B26: Jumlah pekerjaan struktur beton | F26: =SUM(F19:F25)
B28: IV. PEKERJAAN DINDING DAN LANTAI
A29: 1 | B29: Pasangan bata 1/2 bata tinggi 50 | C29: =90.80*0.5 | D29: m² | E29: =AHSP!$F$152 | F29: =C29*E29 | G29: (keliling - pintu - pintu umbaran - kolom) x 0,5
A30: 2 | B30: Plesteran dua sisi + atas dinding | C30: =2*90.80*0.5+90.80*0.11 | D30: m² | E30: =AHSP!$F$163 | F30: =C30*E30 | G30: 2 sisi + bidang atas
A31: 3 | B31: Acian | C31: =2*90.80*0.5+90.80*0.11 | D31: m² | E31: =AHSP!$F$173 | F31: =C31*E31 | G31: sama dengan plesteran
A32: 4 | B32: Pengecatan dinding, kolom, ring balk | C32: =2*90.80*0.5+24*0.6*2.0+(100-24*0.15)*0.55 | D32: m² | E32: =AHSP!$F$184 | F32: =C32*E32 | G32: dinding 2 sisi + kolom terlihat + ring balk
A33: 5 | B33: Lantai rabat beton K-175 t=7 | C33: =392.522*0.07 | D33: m³ | E33: =AHSP!$F$105 | F33: =C33*E33 | G33: luas dalam x 0,07
A34: 6 | B34: Finishing lantai dipel kasar | C34: =392.522 | D34: m² | E34: =AHSP!$F$192 | F34: =C34*E34 | G34: luas dalam
A35: 7 | B35: Lapis kerikil garis tetesan atap 50 x 15 cm kiri-kanan | C35: =2*42*0.5*0.15 | D35: m³ | E35: =AHSP!$F$81 | F35: =C35*E35 | G35: 2 x 42 m x 0,5 x 0,15 (pengganti saluran bata)
B36: Jumlah pekerjaan dinding dan lantai | F36: =SUM(F29:F35)
B38: V. PEKERJAAN KAWAT, RANGKA DAN TIRAI
A39: 1 | B39: Rangka hollow 40x40 (rel atas-bawah + tiang antara) | C39: =2*97.6+24*2.0 | D39: m' | E39: =AHSP!$F$280 | F39: =C39*E39 | G39: rel 2 x keliling bersih + 24 tiang antara x 2 m
A40: 2 | B40: Kawat harmonika 1" dinding, gevel, celah monitor | C40: =188.00+23.32+2*0.4*41 | D40: m² | E40: =AHSP!$F$270 | F40: =C40*E40 | G40: dinding 2 m + 2 segitiga gevel + 2 celah monitor 40 cm
A41: 3 | B41: Tirai terpal sisi panjang dan sisi pendek | C41: =2*(40+10)*2.0-2*1.2*2.0 | D41: m² | E41: =AHSP!$F$291 | F41: =C41*E41 | G41: keliling x 2 m - pintu
B42: Jumlah pekerjaan kawat, rangka dan tirai | F42: =SUM(F39:F41)
B44: VI. PEKERJAAN ATAP
A45: 1 | B45: Rangka atap baja ringan (bidang atap utama + monitor) | C45: =470.48+108.57 | D45: m² | E45: =AHSP!$F$218 | F45: =C45*E45 | G45: 2 x 5.74 x 41 + 2 x 1.32 x 41
A46: 2 | B46: Penutup atap galvalum spandek 0,30 | C46: =470.48+108.57 | D46: m² | E46: =AHSP!$F$229 | F46: =C46*E46 | G46: sama dengan bidang atap
A47: 3 | B47: Nok atap monitor | C47: =41 | D47: m' | E47: =AHSP!$F$238 | F47: =C47*E47 | G47: panjang atap 41 m
A48: 4 | B48: Lisplang/flashing (tepi bawah, tepi miring, sambungan monitor) | C48: =2*41+4*5.738+4*1.324+2*41 | D48: m' | E48: =AHSP!$F$247 | F48: =C48*E48 | G48: tepi bawah 2 x 41 + tepi miring + flashing monitor 2 x 41
B49: Jumlah pekerjaan atap | F49: =SUM(F45:F48)
B51: VII. PINTU DAN PERLENGKAPAN KANDANG
A52: 1 | B52: Pintu utama 120x200 rangka hollow + kawat (2 unit) | C52: =2*1.2*2.0 | D52: m² | E52: =AHSP!$F$328 | F52: =C52*E52 | G52: 2 x 1,2 x 2,0
A53: 2 | B53: Pintu umbaran 40x45 + titian papan | C53: =8 | D53: unit | E53: =AHSP!$F$363 | F53: =C53*E53 | G53: 8 unit sisi selatan
A54: 3 | B54: Bak celup kaki di pintu | C54: =2 | D54: unit | E54: =AHSP!$F$391 | F54: =C54*E54 | G54: 2 unit
A55: 4 | B55: Sarang bertelur kayu 3 tingkat | C55: =390 | D55: lubang | E55: =AHSP!$F$372 | F55: =C55*E55 | G55: 130 lubang x 3 tingkat
A56: 5 | B56: Tenggeran bertingkat | C56: =28 | D56: m' | E56: =AHSP!$F$381 | F56: =C56*E56 | G56: 2 x 14 m
A57: 6 | B57: Tempat pakan gantung 8 kg | C57: =80 | D57: bh | E57: =ROUND('Harga Dasar'!$D$58*(1+Petunjuk!$C$15),-2) | F57: =C57*E57 | G57: 1 per 25 ekor
A58: 7 | B58: Tempat minum galon 5 liter | C58: =40 | D58: bh | E58: =ROUND('Harga Dasar'!$D$59*(1+Petunjuk!$C$15),-2) | F58: =C58*E58 | G58: 1 per 50 ekor
A59: 8 | B59: Titik lampu LED | C59: =10 | D59: titik | E59: =ROUND('Harga Dasar'!$D$60*(1+Petunjuk!$C$15),-2) | F59: =C59*E59 | G59: 1 per bentang 4 m
A60: 9 | B60: Instalasi pipa air minum 3/4" + kran | C60: =50 | D60: m' | E60: =AHSP!$F$399 | F60: =C60*E60 | G60: dari tandon kawasan ke kandang
B61: Jumlah pintu dan perlengkapan kandang | F61: =SUM(F52:F60)
B63: TOTAL | F63: =F8+F16+F26+F36+F42+F49+F61

Sheet RAB Fasilitas
A1: RAB bangunan fasilitas (gambar GT-03 dan GT-04)
A2: Struktur tipikal: footplat, kolom 15/15, sloof, ring balk, dinding bata, atap baja ringan + galvalum.
A4: No | B4: Uraian pekerjaan | C4: Volume | D4: Sat | E4: Harga satuan (Rp) | F4: Jumlah (Rp) | G4: Dasar volume
B5: POS JAGA (4 x 3 m)
B6: I. PERSIAPAN DAN TANAH
A7: 1 | B7: Perataan lokasi dan peil | C7: =(4.0+4)*(3.0+4) | D7: m² | E7: =AHSP!$F$9 | F7: =C7*E7 | G7: (panjang + 4) x (lebar + 4)
A8: 2 | B8: Pengukuran dan bouwplank | C8: =2*(4.0+4+3.0+4) | D8: m' | E8: =AHSP!$F$20 | F8: =C8*E8 | G8: keliling + 2 m
A9: 3 | B9: Galian footplat 100x100x70 | C9: =4*0.7 | D9: m³ | E9: =AHSP!$F$27 | F9: =C9*E9 | G9: 4 titik
A10: 4 | B10: Urugan kembali | C10: =4*0.5015 | D10: m³ | E10: =AHSP!$F$34 | F10: =C10*E10 | G10: sisa galian
A11: 5 | B11: Urugan tanah peninggian dipadatkan | C11: =10.973*0.15 | D11: m³ | E11: =AHSP!$F$42 | F11: =C11*E11 | G11: luas dalam x 0.15
A12: 6 | B12: Urugan pasir bawah lantai, footplat, sloof | C12: =10.973*0.05+4*0.05+14.0*0.25*0.05 | D12: m³ | E12: =AHSP!$F$50 | F12: =C12*E12
B13: II. STRUKTUR BETON
A14: 7 | B14: Lantai kerja K-100 | C14: =4*0.0405 | D14: m³ | E14: =AHSP!$F$93 | F14: =C14*E14
A15: 8 | B15: Beton K-225 footplat 70x70x20 | C15: =4*0.098 | D15: m³ | E15: =AHSP!$F$117 | F15: =C15*E15
A16: 9 | B16: Beton K-225 kolom 15/15 tinggi 3,70 | C16: =4*0.0225*3.7 | D16: m³ | E16: =AHSP!$F$117 | F16: =C16*E16 | G16: pedestal + kolom sampai +300
A17: 10 | B17: Beton K-225 sloof 15/25 | C17: =16.40*0.0375 | D17: m³ | E17: =AHSP!$F$117 | F17: =C17*E17
A18: 11 | B18: Beton K-225 ring balk 15/20 | C18: =16.40*0.03 | D18: m³ | E18: =AHSP!$F$117 | F18: =C18*E18
A19: 12 | B19: Pembesian | C19: =4*4.44+4*15.65+16.40*4.558+16.40*4.295 | D19: kg | E19: =AHSP!$F$128 | F19: =C19*E19 | G19: footplat + kolom + sloof + ring balk
A20: 13 | B20: Bekisting | C20: =4*0.56+4*0.6*3.7+16.40*0.5+16.40*0.55 | D20: m² | E20: =AHSP!$F$140 | F20: =C20*E20
B21: III. DINDING, LANTAI, ATAP
A22: 14 | B22: Pasangan bata 1/2 bata | C22: =41.69 | D22: m² | E22: =AHSP!$F$152 | F22: =C22*E22 | G22: dinding luar h 3 m + dinding dalam 3.0 m, dikurangi bukaan
A23: 15 | B23: Plesteran dua sisi | C23: =2*41.69 | D23: m² | E23: =AHSP!$F$163 | F23: =C23*E23
A24: 16 | B24: Acian sisi luar | C24: =1*41.69 | D24: m² | E24: =AHSP!$F$173 | F24: =C24*E24
A25: 17 | B25: Pengecatan sisi luar | C25: =1*41.69 | D25: m² | E25: =AHSP!$F$184 | F25: =C25*E25
A26: 18 | B26: Lantai beton K-175 t=10 (dasar keramik) | C26: =10.973*0.1 | D26: m³ | E26: =AHSP!$F$105 | F26: =C26*E26
A27: 19 | B27: Rangka atap baja ringan | C27: =25.38 | D27: m² | E27: =AHSP!$F$218 | F27: =C27*E27 | G27: kemiringan sisi utara + selatan (termasuk teras) x (panjang + 1)
A28: 20 | B28: Penutup atap galvalum | C28: =25.38 | D28: m² | E28: =AHSP!$F$229 | F28: =C28*E28
A29: 21 | B29: Nok | C29: =4.0+1 | D29: m' | E29: =AHSP!$F$238 | F29: =C29*E29
A30: 22 | B30: Lisplang/flashing | C30: =2*(4.0+1)+4*2.54 | D30: m' | E30: =AHSP!$F$247 | F30: =C30*E30
A31: 23 | B31: Penutup gevel kawat harmonika | C31: =2.10 | D31: m² | E31: =AHSP!$F$270 | F31: =C31*E31 | G31: 2 segitiga di atas ring balk
B32: IV. PINTU, JENDELA DAN UTILITAS
A33: 24 | B33: Keramik 40x40 | C33: =10.973 | D33: m² | E33: =AHSP!$F$205 | F33: =C33*E33
A34: 25 | B34: Plafon GRC rangka hollow | C34: =10.973 | D34: m² | E34: =AHSP!$F$259 | F34: =C34*E34
A35: 26 | B35: Pintu panel kayu 90x210 | C35: =2 | D35: unit | E35: =ROUND('Harga Dasar'!$D$62*(1+Petunjuk!$C$15),-2) | F35: =C35*E35 | G35: sesuai denah GT-04
A36: 27 | B36: Jendela + boven aluminium kaca | C36: =4.36 | D36: m² | E36: =ROUND('Harga Dasar'!$D$63*(1+Petunjuk!$C$15),-2) | F36: =C36*E36 | G36: luas bukaan GT-04
A37: 28 | B37: Kloset + perlengkapan KM | C37: =1 | D37: unit | E37: =ROUND('Harga Dasar'!$D$64*(1+Petunjuk!$C$15),-2) | F37: =C37*E37
A38: 29 | B38: Septic tank biofil 1 m³ | C38: =1 | D38: unit | E38: =ROUND('Harga Dasar'!$D$65*(1+Petunjuk!$C$15),-2) | F38: =C38*E38
A39: 30 | B39: Titik lampu | C39: =3 | D39: titik | E39: =ROUND('Harga Dasar'!$D$60*(1+Petunjuk!$C$15),-2) | F39: =C39*E39
A40: 31 | B40: Stop kontak | C40: =1 | D40: titik | E40: =ROUND('Harga Dasar'!$D$61*(1+Petunjuk!$C$15),-2) | F40: =C40*E40
B41: Jumlah pos jaga | F41: =SUM(F6:F40)
B43: KANTOR (8 x 6 m)
B44: I. PERSIAPAN DAN TANAH
A45: 1 | B45: Perataan lokasi dan peil | C45: =(8.0+4)*(6.0+4) | D45: m² | E45: =AHSP!$F$9 | F45: =C45*E45 | G45: (panjang + 4) x (lebar + 4)
A46: 2 | B46: Pengukuran dan bouwplank | C46: =2*(8.0+4+6.0+4) | D46: m' | E46: =AHSP!$F$20 | F46: =C46*E46 | G46: keliling + 2 m
A47: 3 | B47: Galian footplat 100x100x70 | C47: =11*0.7 | D47: m³ | E47: =AHSP!$F$27 | F47: =C47*E47 | G47: 11 titik
A48: 4 | B48: Urugan kembali | C48: =11*0.5015 | D48: m³ | E48: =AHSP!$F$34 | F48: =C48*E48 | G48: sisa galian
A49: 5 | B49: Urugan tanah peninggian dipadatkan | C49: =45.922*0.15 | D49: m³ | E49: =AHSP!$F$42 | F49: =C49*E49 | G49: luas dalam x 0.15
A50: 6 | B50: Urugan pasir bawah lantai, footplat, sloof | C50: =45.922*0.05+11*0.05+28.0*0.25*0.05 | D50: m³ | E50: =AHSP!$F$50 | F50: =C50*E50
B51: II. STRUKTUR BETON
A52: 7 | B52: Lantai kerja K-100 | C52: =11*0.0405 | D52: m³ | E52: =AHSP!$F$93 | F52: =C52*E52
A53: 8 | B53: Beton K-225 footplat 70x70x20 | C53: =11*0.098 | D53: m³ | E53: =AHSP!$F$117 | F53: =C53*E53
A54: 9 | B54: Beton K-225 kolom 15/15 tinggi 3,70 | C54: =11*0.0225*3.7 | D54: m³ | E54: =AHSP!$F$117 | F54: =C54*E54 | G54: pedestal + kolom sampai +300
A55: 10 | B55: Beton K-225 sloof 15/25 | C55: =43.30*0.0375 | D55: m³ | E55: =AHSP!$F$117 | F55: =C55*E55
A56: 11 | B56: Beton K-225 ring balk 15/20 | C56: =43.30*0.03 | D56: m³ | E56: =AHSP!$F$117 | F56: =C56*E56
A57: 12 | B57: Pembesian | C57: =11*4.44+11*15.65+43.30*4.558+43.30*4.295 | D57: kg | E57: =AHSP!$F$128 | F57: =C57*E57 | G57: footplat + kolom + sloof + ring balk
A58: 13 | B58: Bekisting | C58: =11*0.56+11*0.6*3.7+43.30*0.5+43.30*0.55 | D58: m² | E58: =AHSP!$F$140 | F58: =C58*E58
B59: III. DINDING, LANTAI, ATAP
A60: 14 | B60: Pasangan bata 1/2 bata | C60: =112.82 | D60: m² | E60: =AHSP!$F$152 | F60: =C60*E60 | G60: dinding luar h 3 m + dinding dalam 16.5 m, dikurangi bukaan
A61: 15 | B61: Plesteran dua sisi | C61: =2*112.82 | D61: m² | E61: =AHSP!$F$163 | F61: =C61*E61
A62: 16 | B62: Acian dua sisi | C62: =2*112.82 | D62: m² | E62: =AHSP!$F$173 | F62: =C62*E62
A63: 17 | B63: Pengecatan dua sisi | C63: =2*112.82 | D63: m² | E63: =AHSP!$F$184 | F63: =C63*E63
A64: 18 | B64: Lantai beton K-175 t=10 (dasar keramik) | C64: =45.922*0.1 | D64: m³ | E64: =AHSP!$F$105 | F64: =C64*E64
A65: 19 | B65: Rangka atap baja ringan | C65: =85.40 | D65: m² | E65: =AHSP!$F$218 | F65: =C65*E65 | G65: kemiringan sisi utara + selatan (termasuk teras) x (panjang + 1)
A66: 20 | B66: Penutup atap galvalum | C66: =85.40 | D66: m² | E66: =AHSP!$F$229 | F66: =C66*E66
A67: 21 | B67: Nok | C67: =8.0+1 | D67: m' | E67: =AHSP!$F$238 | F67: =C67*E67
A68: 22 | B68: Lisplang/flashing | C68: =2*(8.0+1)+4*4.19 | D68: m' | E68: =AHSP!$F$247 | F68: =C68*E68
A69: 23 | B69: Penutup gevel kawat harmonika | C69: =8.39 | D69: m² | E69: =AHSP!$F$270 | F69: =C69*E69 | G69: 2 segitiga di atas ring balk
B70: IV. PINTU, JENDELA DAN UTILITAS
A71: 24 | B71: Keramik 40x40 | C71: =45.922 | D71: m² | E71: =AHSP!$F$205 | F71: =C71*E71
A72: 25 | B72: Plafon GRC rangka hollow | C72: =45.922 | D72: m² | E72: =AHSP!$F$259 | F72: =C72*E72
A73: 26 | B73: Pintu panel kayu 90x210 | C73: =6 | D73: unit | E73: =ROUND('Harga Dasar'!$D$62*(1+Petunjuk!$C$15),-2) | F73: =C73*E73 | G73: sesuai denah GT-04
A74: 27 | B74: Jendela + boven aluminium kaca | C74: =7.00 | D74: m² | E74: =ROUND('Harga Dasar'!$D$63*(1+Petunjuk!$C$15),-2) | F74: =C74*E74 | G74: luas bukaan GT-04
A75: 28 | B75: Kloset + perlengkapan KM | C75: =1 | D75: unit | E75: =ROUND('Harga Dasar'!$D$64*(1+Petunjuk!$C$15),-2) | F75: =C75*E75
A76: 29 | B76: Septic tank biofil 1 m³ | C76: =1 | D76: unit | E76: =ROUND('Harga Dasar'!$D$65*(1+Petunjuk!$C$15),-2) | F76: =C76*E76
A77: 30 | B77: Titik lampu | C77: =7 | D77: titik | E77: =ROUND('Harga Dasar'!$D$60*(1+Petunjuk!$C$15),-2) | F77: =C77*E77
A78: 31 | B78: Stop kontak | C78: =6 | D78: titik | E78: =ROUND('Harga Dasar'!$D$61*(1+Petunjuk!$C$15),-2) | F78: =C78*E78
A79: 32 | B79: Lantai teras beton K-175 t=10 | C79: =12.00*0.1 | D79: m³ | E79: =AHSP!$F$105 | F79: =C79*E79
A80: 33 | B80: Keramik teras 40x40 | C80: =12.00 | D80: m² | E80: =AHSP!$F$205 | F80: =C80*E80
B81: Jumlah kantor | F81: =SUM(F44:F80)
B83: MES ANAK KANDANG (12 x 8 m)
B84: I. PERSIAPAN DAN TANAH
A85: 1 | B85: Perataan lokasi dan peil | C85: =(12.0+4)*(8.0+4) | D85: m² | E85: =AHSP!$F$9 | F85: =C85*E85 | G85: (panjang + 4) x (lebar + 4)
A86: 2 | B86: Pengukuran dan bouwplank | C86: =2*(12.0+4+8.0+4) | D86: m' | E86: =AHSP!$F$20 | F86: =C86*E86 | G86: keliling + 2 m
A87: 3 | B87: Galian footplat 100x100x70 | C87: =15*0.7 | D87: m³ | E87: =AHSP!$F$27 | F87: =C87*E87 | G87: 15 titik
A88: 4 | B88: Urugan kembali | C88: =15*0.5015 | D88: m³ | E88: =AHSP!$F$34 | F88: =C88*E88 | G88: sisa galian
A89: 5 | B89: Urugan tanah peninggian dipadatkan | C89: =93.022*0.15 | D89: m³ | E89: =AHSP!$F$42 | F89: =C89*E89 | G89: luas dalam x 0.15
A90: 6 | B90: Urugan pasir bawah lantai, footplat, sloof | C90: =93.022*0.05+15*0.05+40.0*0.25*0.05 | D90: m³ | E90: =AHSP!$F$50 | F90: =C90*E90
B91: II. STRUKTUR BETON
A92: 7 | B92: Lantai kerja K-100 | C92: =15*0.0405 | D92: m³ | E92: =AHSP!$F$93 | F92: =C92*E92
A93: 8 | B93: Beton K-225 footplat 70x70x20 | C93: =15*0.098 | D93: m³ | E93: =AHSP!$F$117 | F93: =C93*E93
A94: 9 | B94: Beton K-225 kolom 15/15 tinggi 3,70 | C94: =15*0.0225*3.7 | D94: m³ | E94: =AHSP!$F$117 | F94: =C94*E94 | G94: pedestal + kolom sampai +300
A95: 10 | B95: Beton K-225 sloof 15/25 | C95: =76.60*0.0375 | D95: m³ | E95: =AHSP!$F$117 | F95: =C95*E95
A96: 11 | B96: Beton K-225 ring balk 15/20 | C96: =76.60*0.03 | D96: m³ | E96: =AHSP!$F$117 | F96: =C96*E96
A97: 12 | B97: Pembesian | C97: =15*4.44+15*15.65+76.60*4.558+76.60*4.295 | D97: kg | E97: =AHSP!$F$128 | F97: =C97*E97 | G97: footplat + kolom + sloof + ring balk
A98: 13 | B98: Bekisting | C98: =15*0.56+15*0.6*3.7+76.60*0.5+76.60*0.55 | D98: m² | E98: =AHSP!$F$140 | F98: =C98*E98
B99: III. DINDING, LANTAI, ATAP
A100: 14 | B100: Pasangan bata 1/2 bata | C100: =204.37 | D100: m² | E100: =AHSP!$F$152 | F100: =C100*E100 | G100: dinding luar h 3 m + dinding dalam 38.4 m, dikurangi bukaan
A101: 15 | B101: Plesteran dua sisi | C101: =2*204.37 | D101: m² | E101: =AHSP!$F$163 | F101: =C101*E101
A102: 16 | B102: Acian sisi luar | C102: =1*204.37 | D102: m² | E102: =AHSP!$F$173 | F102: =C102*E102
A103: 17 | B103: Pengecatan sisi luar | C103: =1*204.37 | D103: m² | E103: =AHSP!$F$184 | F103: =C103*E103
...

Sheet RAB Pagar Umbaran
A1: RAB pagar harmonika, gerbang, dan umbaran (gambar GT-02)
A2: Panjang pagar sesuai rencana tapak 100 x 400 m.
A4: No | B4: Uraian pekerjaan | C4: Volume | D4: Sat | E4: Harga satuan (Rp) | F4: Jumlah (Rp) | G4: Dasar volume (dari gambar)
B5: I. PAGAR KELILING LAHAN
A6: 1 | B6: Pagar kawat harmonika 2" tinggi 210 | C6: =100-12+2*340 | D6: m' | E6: =AHSP!$F$302 | F6: =C6*E6 | G6: depan 100 - gerbang 12 + sisi 2 x 340 m (sampai sabuk hijau sungai)
A7: 2 | B7: Tiang beton pracetak + dudukan cor | C7: =ROUND((100-12+2*340)/2.5,0)+31 | D7: bh | E7: =AHSP!$F$314 | F7: =C7*E7 | G7: jarak 250 + skur sudut/25 m
A8: 3 | B8: Gerbang utama 600 x 220 (2 daun, hollow 50x50) | C8: =6*2.2 | D8: m² | E8: =AHSP!$F$342 | F8: =C8*E8
A9: 4 | B9: Gerbang kebun 400 x 220 | C9: =4*2.2 | D9: m² | E9: =AHSP!$F$342 | F9: =C9*E9
A10: 5 | B10: Tiang gerbang beton 20/20 + footplat 60x60 (beton) | C10: =4*(0.2*0.2*3.0+0.6*0.6*0.2) | D10: m³ | E10: =AHSP!$F$117 | F10: =C10*E10 | G10: 4 tiang
A11: 6 | B11: Pembesian tiang gerbang | C11: =4*(4*3.4*0.888+22*0.7*0.395) | D11: kg | E11: =AHSP!$F$128 | F11: =C11*E11 | G11: 4 D12 + Ø8-150
A12: 7 | B12: Bak celup kendaraan 8 x 4 m: galian | C12: =8*4*0.35 | D12: m³ | E12: =AHSP!$F$27 | F12: =C12*E12
A13: 8 | B13: Bak celup kendaraan: sirtu dipadatkan t=15 | C13: =8*4*0.15 | D13: m³ | E13: =AHSP!$F$58 | F13: =C13*E13
A14: 9 | B14: Bak celup kendaraan: pelat beton K-225 t=15 | C14: =8*4*0.15 | D14: m³ | E14: =AHSP!$F$117 | F14: =C14*E14
A15: 10 | B15: Bak celup kendaraan: wiremesh M8 | C15: =ROUNDUP(8*4/(2.1*5.4)*1.1,0) | D15: lbr | E15: =ROUND('Harga Dasar'!$D$50*(1+Petunjuk!$C$15),-2) | F15: =C15*E15 | G15: lembar 2,1 x 5,4
A16: 11 | B16: Penanaman pagar hidup lamtoro/gamal | C16: =100-12+2*340 | D16: m' | E16: =AHSP!$F$434 | F16: =C16*E16 | G16: di dalam pagar keliling
B17: Jumlah pagar keliling lahan | F17: =SUM(F6:F16)
B19: II. PAGAR ZONA KANDANG
A20: 1 | B20: Pagar kawat harmonika 2" tinggi 210 | C20: =2*(94+157.5)-4-4 | D20: m' | E20: =AHSP!$F$302 | F20: =C20*E20 | G20: keliling zona - gerbang gerobak - gerbang kotor
A21: 2 | B21: Tiang beton pracetak + dudukan cor | C21: =ROUND((2*(94+157.5))/2.5,0)+20 | D21: bh | E21: =AHSP!$F$314 | F21: =C21*E21
A22: 3 | B22: Gerbang gerobak 300 x 200 (2 buah: depan dan belakang) | C22: =2*3*2 | D22: m² | E22: =AHSP!$F$328 | F22: =C22*E22
B23: Jumlah pagar zona kandang | F23: =SUM(F20:F22)
B25: III. UMBARAN (6 PETAK 45 x 38 m)
A26: 1 | B26: Pagar sekat umbaran kawat harmonika 2" tinggi 210 | C26: =6*88 | D26: m' | E26: =AHSP!$F$302 | F26: =C26*E26 | G26: 88 m per petak (sisi luar memakai pagar zona)
A27: 2 | B27: Tiang beton pracetak + dudukan cor | C27: =ROUND(6*88/2.5,0)+12 | D27: bh | E27: =AHSP!$F$314 | F27: =C27*E27
A28: 3 | B28: Pintu umbaran 100 x 180 | C28: =6*1*1.8 | D28: m² | E28: =AHSP!$F$328 | F28: =C28*E28 | G28: 1 per petak
A29: 4 | B29: Pohon peneduh + pelindung bambu | C29: =6*18 | D29: bh | E29: =AHSP!$F$420 | F29: =C29*E29 | G29: 18 pohon per petak
A30: 5 | B30: Rumput / legum penutup tanah | C30: =6*45*38 | D30: m² | E30: =AHSP!$F$427 | F30: =C30*E30
B31: Jumlah umbaran (6 petak 45 x 38 m) | F31: =SUM(F26:F30)
B33: TOTAL | F33: =F17+F23+F31

Sheet RAB Utilitas Lahan
A1: RAB utilitas, jalan, lantai jemur, air, listrik (gambar GT-00, GT-02, GT-03 F-03 dan F-04)
A2: Jembatan titian bersifat opsional.
A4: No | B4: Uraian pekerjaan | C4: Volume | D4: Sat | E4: Harga satuan (Rp) | F4: Jumlah (Rp) | G4: Dasar volume (dari gambar)
B5: I. PENYIAPAN LAHAN DAN JALAN
A6: 1 | B6: Pembersihan dan perataan lahan zona servis, kandang, kotor (alat) | C6: =100*50+96*160+36*35 | D6: m² | E6: =AHSP!$F$65 | F6: =C6*E6
A7: 2 | B7: Jalan servis, jalan gerobak, jalan masuk: sirtu t=12 (jalur kerja cukup rumput) | C7: =(4*330+4*157.5+8*50)*0.12 | D7: m³ | E7: =AHSP!$F$58 | F7: =C7*E7 | G7: luas jalan x 0,12
B8: Jumlah penyiapan lahan dan jalan | F8: =SUM(F6:F7)
B10: II. LANTAI JEMUR 40 x 18 m
A11: 1 | B11: Perataan dan sirtu dipadatkan t=10 | C11: =40.0*18.0*0.10 | D11: m³ | E11: =AHSP!$F$58 | F11: =C11*E11
A12: 2 | B12: Beton K-175 t=8 | C12: =40.0*18.0*0.08 | D12: m³ | E12: =AHSP!$F$105 | F12: =C12*E12
A13: 3 | B13: Finishing permukaan dipel kasar | C13: =40.0*18.0 | D13: m² | E13: =AHSP!$F$192 | F13: =C13*E13
A14: 4 | B14: Parit kerikil keliling 30 x 30 | C14: =2*(40.0+18.0)*0.3*0.3 | D14: m³ | E14: =AHSP!$F$81 | F14: =C14*E14
B15: Jumlah lantai jemur 40 x 18 m | F15: =SUM(F11:F14)
B17: III. AIR BERSIH: SUMUR BOR DAN MENARA TANDON
A18: 1 | B18: Pengeboran sumur Ø4" kedalaman ±60 m | C18: =60 | D18: m | E18: =ROUND('Harga Dasar'!$D$67*(1+Petunjuk!$C$15),-2) | F18: =C18*E18
A19: 2 | B19: Pompa submersible 1 HP + panel | C19: =1 | D19: unit | E19: =ROUND('Harga Dasar'!$D$68*(1+Petunjuk!$C$15),-2) | F19: =C19*E19
A20: 3 | B20: Beton K-225 menara tandon (kolom, balok, plat, footplat) | C20: =4*0.2*0.2*6.5+8*1.8*0.2*0.2+2.4*2.4*0.15+4*0.6*0.6*0.2 | D20: m³ | E20: =AHSP!$F$117 | F20: =C20*E20 | G20: kolom 20/20 h 650 + balok + plat t 15
A21: 4 | B21: Pembesian menara tandon (±120 kg/m³) | C21: =120*(4*0.2*0.2*6.5+8*1.8*0.2*0.2+2.4*2.4*0.15+4*0.6*0.6*0.2) | D21: kg | E21: =AHSP!$F$128 | F21: =C21*E21
A22: 5 | B22: Bekisting menara tandon | C22: =4*0.8*6.5+8*1.8*0.6+2.4*2.4+4*0.48 | D22: m² | E22: =AHSP!$F$140 | F22: =C22*E22
A23: 6 | B23: Galian footplat menara | C23: =4*1*1*1 | D23: m³ | E23: =AHSP!$F$27 | F23: =C23*E23
A24: 7 | B24: Tandon air 2.200 liter | C24: =2 | D24: bh | E24: =ROUND('Harga Dasar'!$D$66*(1+Petunjuk!$C$15),-2) | F24: =C24*E24
A25: 8 | B25: Pipa distribusi PVC ke kandang dan bangunan | C25: =250 | D25: m' | E25: =AHSP!$F$399 | F25: =C25*E25 | G25: pipa induk
B26: Jumlah air bersih: sumur bor dan menara tandon | F26: =SUM(F18:F25)
B28: IV. AIR SUNGAI DAN EMBUNG
A29: 1 | B29: Rumah pompa 3 x 3 m | C29: =3*3 | D29: m² | E29: =ROUND('Harga Dasar'!$D$74*(1+Petunjuk!$C$15),-2) | F29: =C29*E29 | G29: bangunan sederhana
A30: 2 | B30: Pompa air sungai 3" | C30: =1 | D30: unit | E30: =ROUND('Harga Dasar'!$D$69*(1+Petunjuk!$C$15),-2) | F30: =C30*E30
A31: 3 | B31: Pipa PVC 3" sungai - embung - kebun | C31: =ROUNDUP(150/4,0) | D31: btg | E31: =ROUND('Harga Dasar'!$D$51*(1+Petunjuk!$C$15),-2) | F31: =C31*E31 | G31: 150 m
A32: 4 | B32: Galian embung 30 x 20 x 2,5 m talud 1:1,5 (excavator) | C32: =1076.7 | D32: m³ | E32: =AHSP!$F$73 | F32: =C32*E32 | G32: rumus limas terpancung
A33: 5 | B33: Perapian talud dan tanggul + rumput | C33: =85*4.51+3*112 | D33: m² | E33: =AHSP!$F$441 | F33: =C33*E33 | G33: luas talud + tanggul 3 m
B34: Jumlah air sungai dan embung | F34: =SUM(F29:F33)
B36: V. LISTRIK KAWASAN
A37: 1 | B37: Pasang baru PLN 3.500 VA + SLO + panel | C37: =1 | D37: ls | E37: =ROUND('Harga Dasar'!$D$70*(1+Petunjuk!$C$15),-2) | F37: =C37*E37
A38: 2 | B38: Kabel NYY 4x6 tanam ke zona kandang dan servis | C38: =250 | D38: m | E38: =ROUND('Harga Dasar'!$D$71*(1+Petunjuk!$C$15),-2) | F38: =C38*E38
B39: Jumlah listrik kawasan | F39: =SUM(F37:F38)
B41: TOTAL | F41: =F8+F15+F26+F34+F39
